Beds,Bath,Sqft,Lot_Size,Type,Price,Address
2,1,775,,Residential,89900 CAD,4912 49 ave 
4,2,1136,,Residential,170000 CAD,5207 Sunset Drive 
,,262,0.46,Residential,160000 CAD,316 461032 HWY 13 
3,2,1750,,Residential,195000 CAD,5018 Alexander Ave. 
2,1,76424,,Residential,79900 CAD,4908 49 Ave 
2,2,1120,0.15,Residential,150000 CAD,54 McAlpine Crescent 
1,1,700,0.12,Residential,41900 CAD,4901 46 Avenue 
2,2,12,0.15,Residential,189900 CAD,4415 45a 
3,2,1343347,,Single,97000 CAD,10770 Winterburn RD NW 1504
3,1,952,,Single,49900 CAD,"84, 4000 13 Avenue SE 84"
3,1,999976,,Single,127900 CAD,4238 1st AV 
2,1,1071987,,Single,56000 CAD,305 CALAHOO RD 4
1,1,933,.485,Single,89900 CAD,204 1  Street 
1,1,864,,Single,54900 CAD,23 Evergreen Mobile Park 
2,2,628833,.096,Single,137900 CAD,12636 71 ST NW 
3,1,980,,Single,39900 CAD,"#226, 2300 13 Street N 226"
3,1,1235922,.138,Single,99000 CAD,52 ST 5012
1,1,685,0.14,Single,127500 CAD,9305 107 Avenue 
2,1,714,,Single,48000 CAD,"33, 2248 Southview Drive SE 33"
2,1,1152,.161,Single,109900 CAD,718 5 Avenue 
3,2,1444,1.89,Single,199000 CAD,406 3 Street E 
2,1,810099,0.16,Single,199900 CAD,49 ST 4715
3,2,1336,,Single,114900 CAD,"#47, 1410 43 Street S 47"
3,1,945,.144,Single,189900 CAD,236 11 Street SW 
3,1,980,,Other,39900 CAD,2300 13 Street N 226
3,1,1277,0.17,Residential,154000 CAD,209 3 Avenue 
3,2,1136,.298,Single,169950 CAD,303 3RD STREET 
3,2,120408,,Single,49900 CAD,149 Heritage Drive 
3,1,1199971,,Single,124900 CAD,51 AV 4703
3,2,1114,.146,Single,195000 CAD,6914 94 Street 
2,1,690,4.62,Residential,139900 CAD,16356 Birch Grove Road 
3,2,1520,,Other,155000 CAD,10615 88 Street 358
2,1,988,,Residential,99900 CAD,5226 Victoria Ave 
2,1,1037,,Residential,143500 CAD,10404 24 Ave NW 
3,1,1150,0.21,Residential,129900 CAD,4814 53 Avenue 
2,1,1280,0.23,Residential,159900 CAD,9910 98 Street 
3,2,1004,0.23,Residential,174900 CAD,5005 47 Avenue 
6,2,1200,,Residential,175000 CAD,5030 40 Street 
,,599,,Residential,55000 CAD,4924-49ave 
,,,1.26,Residential,88000 CAD,"404, 54411 - RR 40 "
3,2,1457,,Residential,149900 CAD,5413 56 Street 
2,1,840,,Other,39900 CAD,2300 13 Street N 61
3,1,118404,.067,Residential,169900 CAD,5614 148 ST 
2,1,725,,Residential,169900 CAD,11917 103 st 
,,,1.18,Residential,87000 CAD,"408, 54411 - RR 40 "
2,1,89556,,Residential,165000 CAD,"32, 3224 TWP 552 "
2,1,840,,Residential,125000 CAD,5714 55 street 
2,2,964,,Residential,189900 CAD,1818 Simcoe Boulevard SW 
4,2,1174,.154,Residential,187500 CAD,"10409 114 Street Fairview, AB T0H 1L0 "
3,1,,,Residential,178000 CAD,536 3 Street Suffield 
3,2,1054,0.14,Residential,148000 CAD,330 Hankel Court 
2,1,720,0.14,Residential,122000 CAD,4811 52 Avenue 
2,1,879,,Residential,125000 CAD,5718 55 street 
,,,,Residential,44900 CAD,Lot 3......Pt of SE4-63 4-4 
1,1,,,Residential,79900 CAD,#3 5011 Pine DR 
1,1,645,,Residential,64800 CAD,9707 100 
4,2,1122,.303,Residential,179000 CAD,"10413 115 Street Fairview, AB T0H 1L0 "
2,1,10639,,Residential,134900 CAD,5218 51 Avenue 
3,1,1298,0.14,Residential,149000 CAD,4903 50 Street 
3,1,1056,0.19,Residential,179900 CAD,4812 45 Street 
,,,,Residential,135000 CAD,4511 53 street 
2,1,484,,Residential,169900 CAD,13039-66 Street 
2,1,1180,,Residential,69000 CAD,14 111 6th Street SE 
,,753,,Residential,50000 CAD,4720-47AVE 
2,,72119,,Residential,89900 CAD,4810 51 St 
3,1,1051,,Residential,179000 CAD,411 6 Street NW 
3,2,1520,,Other,105000 CAD,7821 97 Avenue 
3,2,1260,,Residential,109900 CAD,5802 Fontaine Drive 
3,2,712,,Residential,199900 CAD,11825 70 ST NW 
3,1,1328,0.18,Residential,169900 CAD,10131 104 Avenue 
3,1,1220,,Residential,79000 CAD,4630  Windsor Ave. 
2,1,525,0.13,Residential,35000 CAD,316 1st Street 
2,1,912,0.23,Residential,59000 CAD,106 Railway Avenue 
3,2,81601,,Residential,188000 CAD,5125 48 AVENUE 
,,,.181,Residential,98500 CAD,6308 45 street 
1,1,584,,Residential,196000 CAD,#50 FIRST AVE 
,,,0.13,Residential,92500 CAD,"#10, Highway 633 RR 53 "
2,2,,,Residential,139900 CAD,#1204 901 16 ST 
5,3,1912,0.18,Residential,195000 CAD,9907 98 Street 
6,3,1050,0.18,Residential,175000 CAD,4719 47 Avenue 
1,1,790,,Residential,179000 CAD,8912 - 156 street 
1,1,496,,Residential,149900 CAD,1530 15 Avenue SW 
,,,,Residential,150000 CAD,5105 50 Ave 
2,1,76995,.215,Residential,139000 CAD,5008 52 Street 
3,,750,1.02,Residential,144900 CAD,575032- Range Road 184 Lamont County 
,,,,Residential,199000 CAD,"Lot 13 Campsite Road, Plamondon, Alberta "
2,1,1040,,Residential,89000 CAD,5207-50th Street 
3,2,1420,,Other,80000 CAD,10615 88 Street 255
2,1,636,0.14,Residential,115000 CAD,4718 51 Avenue 
2,1,792,0.15,Residential,25000 CAD,5019 50 Avenue 
2,2,1344,.066,Residential,74900 CAD,4710 Windsor Avenue 
2,1,1015,0.13,Residential,129900 CAD,5302 48 Street 
2,2,1024,,Residential,165000 CAD,5037 47 AVE 
4,2,1145,,Residential,99500 CAD,"25 Prince Drive, Lamont, Alberta "
2,1,960,,Residential,105000 CAD,5007A 47 Street 
,,,,Residential,104900 CAD,5412 - 56 Street 
4,2,110116,,Residential,189900 CAD,11 Duke Drive 
3,1,1272,,Residential,188705 CAD,1412 9 street 
1,1,621,,Residential,168888 CAD,100 Cranfield Commom SE 
3,1,867,,Residential,199800 CAD,821A Balmoral Street SE 
2,2,807,,Residential,129900 CAD,5228-47 Street 
4,2,1120,,Residential,174000 CAD,5008 50 Avenue 
3,2,,,Residential,98000 CAD,5012 - 53 STREET 
2,2,485,,Residential,197500 CAD,121 Copperpond Common SE 
4,1,1440,0.16,Residential,68000 CAD,5124 48 Street 
4,1,973,,Residential,119500 CAD,5135-52nd Ave 
2,1,1107,,Other,34900 CAD,9531 98 Street 21
2,2,1008,,Residential,157000 CAD,5038-47th Ave 
3,1,106779,,Residential,59900 CAD,4809 50th Ave 
2,1,760,,Residential,100000 CAD,101 Big Hill Way SE 
,,1350,,Residential,199000 CAD,"5028-50 ave. Lamont, Alberta "
,,,.132,Residential,84500 CAD,"5, 3410 Ste Anne Trail "
3,3,1176,0.16,Residential,175000 CAD,5420 46 Street 
2,1,681,,Residential,115000 CAD,8021-115 Ave 
3,2,1115,,Residential,99900 CAD,5014 Imperial Avenue 
3,1,1023,,Residential,179900 CAD,79 Amberly Co NW 
3,2,1216,,Other,60000 CAD,7903 97 Avenue 
2,1,739,,Residential,158500 CAD,5601 Dalton Drive NW #101A 
3,2,128791,,Other,155000 CAD,1663 Jubilee Crescent 
1,,210,0.46,Other,67500 CAD,"427, 60501 Range Road 120 "
3,2,116239,0.38,Residential,190000 CAD,502 11120 Township Road 632A 
1,1,2812,2.96,Residential,99900 CAD,82032 Highway 744 
2,1,838,,Residential,179900 CAD,12032 25 ave 
4,2,1130,,Residential,139900 CAD,5206-53 avenue Andrew Alberta 
3,2,1636,,Residential,69900 CAD,5118 51ave 
3,1,122171,,Other,99999 CAD,1 
3,2,111946,,Residential,109900 CAD,4811 51 Ave 
1,1,642,,Residential,169900 CAD,10411 122 St NW 
4,2,980,,Residential,159900 CAD,4920 - 51 ave 
3,1,822,,Other,31500 CAD,C27 Terrace Park 
1,1,928,,Residential,145000 CAD,9801 101 Street 
3,2,1200,>6.7,Residential,200000 CAD,46515 Range Road 161 
5,3,1099973,,Single,159500 CAD,53 AV 5340
2,1,1134,.344,Single,150000 CAD,106 4 Street NW 
3,1,896964,0.23,Single,179900 CAD,"422, 59201 Range Road 95 422"
3,2,1136678,,Single,145000 CAD,1018 West Mount CR NW 
3,3,1240,.138,Single,179900 CAD,5506 49 Street 
5,2,2254,.225,Single,155000 CAD,366 20th Street 
2,2,11295,.274,Single,145000 CAD,4636 53 Street 
2,1,926,.172,Single,167500 CAD,1064 Dominion Street SE 
3,1,796,.105,Single,149900 CAD,5337 49 Avenue 
3,2,1216009,,Single,35000 CAD,4405 50 AV 9
3,1,1300,0.14,Single,59900 CAD,4915 51 Avenue 
1,1,792,5.81,Residential,78000 CAD,38226 HIGHWAY 855 
3,2,1527,,Other,162500 CAD,2207 Danielle Drive 
2,1,956,0.24,Residential,120000 CAD,148 4th Street 
2,1,816,.138,Single,199900 CAD,4709 49 Street 
3,2,10764,,Single,125000 CAD,418 Oak Wood CR NW 
3,1,82805,.114,Single,187500 CAD,5011 61 AvenueClose 
1,1,748,>0.2,Residential,44500 CAD,205 2 Avenue 
3,2,1216009,0.53,Single,189900 CAD,61029 Rge Rd 465 137
3,3,1154,.166,Single,179900 CAD,614 5 Avenue W 
5,2,904,.149,Single,199900 CAD,350 5 Street SE 
3,1,1160359,5.96,Single,189000 CAD,242062 HWY 661 
3,2,1216,,Single,89900 CAD,331 Scott LANE 
3,2,1172,1.27,Single,180000 CAD,729 Highway 824058
2,1,627756,0.01,Single,120000 CAD,5 ST 222
4,2,1056056,,Single,182900 CAD,108 AV 10331
4,1,95703,.126,Single,132900 CAD,5109 48 Avenue 
3,1,1332368,,Single,54900 CAD,10770 Winterburn RD NW 50
5,2,1158,0.14,Residential,169000 CAD,320 7 Avenue W 
3,1,896,,Other,38500 CAD,4802 54 Avenue 71
5,3,1190,.185,Single,179900 CAD,704 HAMMOND DR 
3,2,1069403,.092,Single,188000 CAD,10664 93 ST NW 
3,1,924,,Single,15000 CAD,"73, 810 56 Street 73"
3,1,1412,>2.4,Single,180000 CAD,52&54 1 Avenue SW 
2,1,1,.217,Single,55000 CAD,4302 50 Street 
2,1,12497,,Single,80000 CAD,55 AV 5032
2,1,724955,.149,Single,159900 CAD,46 AV 4608
3,2,1134,,Single,155000 CAD,"123, 99 Arbour Lake Road NW 123"
3,1,1151748,.147,Single,159900 CAD,333 White Earth ST 
2,1,712254,,Single,174900 CAD,55 AV 4915
3,2,109052,,Other,144000 CAD,3104 29 Street S 
3,2,743362,>0.1,Single,159000 CAD,11838 66 ST NW 
2,2,130901,.149,Single,198888 CAD,107 ST 10243
2,1,776,.182,Single,112900 CAD,11004 106 Avenue 
3,2,1174,0.16,Single,199000 CAD,203 Railway Avenue 
4,2,1056,0.14,Residential,192500 CAD,5121 56 Street 
3,2,1216,,Other,55000 CAD,75 Greenwood Villa 
3,3,1325,0.28,Single,190000 CAD,200 2nd Ave N.E. 
5,2,1284,0.18,Residential,184500 CAD,4902 58 Street 
3,2,149492,,Other,199900 CAD,2122 Danielle Drive 
3,2,1054,,Other,124900 CAD,2335 Danielle Drive 
4,1,1593072,2.88,Single,199900 CAD,580061 RANGE ROAD 162 NW NW 
2,1,1112,>0.2,Residential,179900 CAD,505 4 Street E 
1,1,573,0.08,Residential,58200 CAD,226 3rd Street W 
6,2,2101,.139,Single,179900 CAD,10021 106 Avenue 
3,1,761984,.167,Single,119000 CAD,107 ST 9720
4,2,1216,0.14,Residential,135900 CAD,216 6 Avenue 
2,1,64415,0.17,Residential,104900 CAD,5815 50A ave 
3,2,1155,.138,Single,174900 CAD,10408 105 Street 
3,2,815911,.217,Single,129900 CAD,43 AV 5105
2,1,796,,Single,89900 CAD,"63, 2460 Southview Drive SE 63"
3,1,1089963,.161,Single,169000 CAD,47 ST 4712
4,1,946,4.16,Residential,164900 CAD,51 Garrison Avenue 
2,2,1360,,Residential,179900 CAD,114 Alberta Avenue 
3,2,1520,,Single,168500 CAD,3006 33 Avenue S 
3,2,872099,,Single,199900 CAD,50 ST 4234
2,1,748959,.091,Single,178000 CAD,12012 76 ST NW 
3,1,1043,.193,Single,195000 CAD,10305 98 Avenue 
2,2,97308,,Single,50000 CAD,"#93, 6742 17 Avenue SE 93"
3,2,1186839,,Single,109900 CAD,2960 Lakewood DR NW 
3,2,1088,,Other,79900 CAD,2316 DANIELLE Drive 
1,1,648962,.115,Single,168000 CAD,12112 85 ST NW 
3,2,1787147,,Single,199500 CAD,103 Evergreen Cres. 
3,1,1065,,Single,79900 CAD,80 Burroughs Place NE 
3,2,114396,,Single,99900 CAD,1101 84 Street NE 
5,3,1232,.142,Single,107900 CAD,19 Hollinger Drive 
2,1,728,,Single,32500 CAD,"76, 8060 100 Street 76"
3,2,1117303,,Single,189000 CAD,13211 85 Street NW 
2,1,1137,,Single,43500 CAD,"28, 810 56 Street 28"
2,1,117855,.186,Single,79900 CAD,54 ST 4835
2,1,767043,,Single,175000 CAD,49 AV 5321
3,2,1344,,Single,45000 CAD,"108, 6026 13  Avenue 108"
5,2,1474668,,Single,189900 CAD,54 AV 4828
4,1,743792,.124,Single,184900 CAD,12024 57 ST NW 
5,2,960,.126,Single,164900 CAD,324 6 Avenue E 
4,2,1071,.149,Single,182500 CAD,629 52 Avenue W 
4,2,2243,.467,Single,189000 CAD,78 Marten Drive 
5,2,1091,>0.2,Residential,184900 CAD,5016 48 Street 
3,2,1520,,Single,124900 CAD,"52, 1712 23 Street 52"
3,2,822,0.15,Residential,179900 CAD,138 12 Street SE 
2,1,1213,0.09,Residential,119900 CAD,473 8 Street SE 
3,1,720,0.14,Residential,139900 CAD,1511 13 Street N 
3,2,1416,,Other,78900 CAD,4802 54 Avenue 59
2,1,720,0.07,Residential,125000 CAD,4716 54 Street 
2,1,1040,0.17,Residential,179000 CAD,4 Mclean Crescent W 
2,1,8838,.208,Single,179000 CAD,128 Dufferin Street 
3,2,1200,0.14,Residential,160000 CAD,107 Eastbrook Way E 
4,2,1456046,,Single,174900 CAD,47 St 5329
2,1,870,0.09,Residential,99900 CAD,225 1 Avenue SE 
3,1,1038,.161,Single,84900 CAD,801 9TH AVENUE 
3,1,1368,0.17,Residential,185000 CAD,4809 52 Street 
5,1,1200,,Other,55000 CAD,58 Manor Park Crescent 
3,2,1216,,Single,59900 CAD,301 Stanley Avenue 
2,2,1101911,.174,Single,194900 CAD,52 ST 4009
2,2,942065,,Single,139900 CAD,4313 53A ST 
2,1,952,0.14,Residential,124000 CAD,326 3 Avenue E 
2,1,1188023,5.13,Single,150000 CAD,170023 TWP RD 651 
3,2,1445,,Single,165000 CAD,7 Keystone Place 
3,1,980,,Other,35000 CAD,4204 47 Street 59
3,2,2132,0.13,Residential,174900 CAD,5009 49A Street 
2,2,741,0.14,Residential,133000 CAD,4808 47 Street 
4,1,1498026,.167,Single,161500 CAD,52 AV 4706
3,2,1360,.149,Single,134900 CAD,226 2 Street 
2,1,750036,,Single,119900 CAD,49 ST 5235
4,2,101257,.141,Single,195000 CAD,5412 49 Street 
3,2,1256589,,Single,153000 CAD,5914 Fontaine DR 
3,2,,,Single,99900 CAD,53222 RR 272 996
3,1,1050,0.14,Residential,73400 CAD,215 1 Avenue E 
2,1,876943,,Single,100000 CAD,105 ST 10247
1,1,584485,.081,Single,196000 CAD,50 FIRST AV 
3,2,1720,0.15,Residential,199000 CAD,4810 57 Avenue 
4,2,1047983,,Single,184900 CAD,51 AV 5118
2,1,703,0.16,Residential,85000 CAD,5023 50 Avenue 
3,2,1152,,Single,160000 CAD,120 A Avenue 9602
4,1,99201,,Single,159900 CAD,49 AV 5517
2,2,970,0.29,Residential,125911 CAD,149 1 Avenue S 
3,1,1012,,Single,27900 CAD,"#73, 600 14 Street 73"
2,1,1356264,ng>1,Single,200000 CAD,57312 RR25 406
2,1,839,.142,Single,83500 CAD,4836 57 Avenue 
3,2,1216,,Single,139900 CAD,"332, 10615 88"
3,1,120105,,Single,29900 CAD,128 River Valley Estates 
4,1,960,.179,Single,179900 CAD,4909 51 Street 
3,2,1519984,,Single,150000 CAD,5911 Primrose RD 
2,1,988028,,Single,99900 CAD,5226 Victoria AV 
4,1,98317,0.14,Residential,194900 CAD,5205 50 Avenue 
3,2,585992,,Single,110000 CAD,55 AV 5103
3,1,1140,,Other,37500 CAD,87 Greenbrook Village 
3,1,1021,0.19,Single,149900 CAD,4511 50 Avenue 
3,2,1058,.138,Single,138500 CAD,315 4th Avenue SE 
5,2,1358,,Other,29900 CAD,4922 Womacks Road 7
3,2,914,.163,Single,155000 CAD,4329 53 Street 
3,2,1216,,Single,89900 CAD,"127, 10615  88 Street 127"
2,2,671674,,Single,74900 CAD,4710 Windsor AV 
5,2,969729,,Single,199900 CAD,41 ST 5018
3,1,1280916,,Single,159000 CAD,54 ST 5115
2,2,635,.138,Single,89900 CAD,209 5th Avenue SE 
2,1,768,.161,Single,179900 CAD,4927 8 Avenue 
3,2,1513,,Single,124900 CAD,"163, 10615 88 Street 163"
3,2,1008,.165,Single,180000 CAD,10901 92 Street 
3,1,952,,Single,39900 CAD,"340, 6220 17 Avenue SE 340"
5,4,1383,.165,Single,149900 CAD,4218 54 Avenue 
2,1,864,0.14,Single,174900 CAD,5114 47th Street 
1,1,637229,.316,Single,189900 CAD,19 Birchwood Country Condo 
3,2,962,0.17,Residential,199900 CAD,5911 51 Avenue 
2,1,732,0.13,Residential,179000 CAD,4203 50 Avenue 
2,1,959934,0.42,Single,165000 CAD,18 Birchwood Country Condo 
3,1,932,.138,Single,114000 CAD,#216 2nd Avenue  SW 
2,1,853,,Single,48500 CAD,"39, 6026 13 Avenue 39"
2,1,850,.172,Single,139900 CAD,945 4 Street SE 
2,1,723233,.171,Single,195000 CAD,5325 45 STREET 
2,1,67092,,Single,112000 CAD,107 ST 10235
2,1,1267,,Single,72900 CAD,"75, 55011 TWP RD 714 75"
2,2,751,0.15,Residential,197500 CAD,66 9 Street SE 
3,2,10816,,Single,99900 CAD,"13, 900 Ross Street 13"
2,1,764244,,Single,79900 CAD,49 AV 4908
3,1,1226235,.091,Single,189900 CAD,11527 84 ST NW 
4,2,1177,0.28,Residential,195000 CAD,205 Sanden Street 
5,2,1050,.152,Single,185000 CAD,5711 51st Street 
3,1,910,,Other,39900 CAD,4802 54 Avenue 75
2,1,834963,ng>1,Single,80000 CAD,59230 RR 193B
2,1,1171661,,Single,39900 CAD,35 Rim Road RD NW 
2,1,792015,,Single,160000 CAD,56 AV 4905
2,1,1058,.098,Single,144900 CAD,5016 47th Street 
3,1,960,0.26,Residential,114900 CAD,5248 53 Avenue 
2,1,965,0.15,Single,195000 CAD,850 Main Street 
2,1,8085,0.16,Single,78000 CAD,10712 111 Street 
3,1,1124,.215,Single,165000 CAD,5309 57 Street 
2,1,109228,.275,Single,129900 CAD,5253 52 Street 
4,1,149668,.189,Single,192000 CAD,"134, Centro Ave "
3,2,1088,,Single,99000 CAD,"22, 900 Ross Street 22"
2,1,778,0.19,Residential,55000 CAD,4802 52 Street 
1,1,640,0.07,Residential,92000 CAD,557 5 Street E 
4,3,1184,.164,Single,94900 CAD,10 Southview Avenue 
3,2,1189,,Other,85000 CAD,37543 England Way 117
4,2,944003,,Single,144000 CAD,51 AV 4404
2,1,741424,.126,Single,159900 CAD,54114 Range Road 52 4
1,1,803,.139,Single,159900 CAD,10027 107 Avenue 
4,2,1136,.179,Single,198000 CAD,10408 117 Street 
3,2,1440,,Single,129900 CAD,304 Engineer Avenue 
3,1,977,0.24,Residential,110000 CAD,5003 53 Street 
2,2,625604,.091,Single,164700 CAD,11607 81 ST NW 
3,2,1156054,,Single,59900 CAD,639 Evergreen PA NW 
3,1,749928,,Single,85000 CAD,51 ST 4911
2,1,1087164,,Single,34900 CAD,53222 Range Road 272 744
2,1,1086,0.11,Single,80000 CAD,5127 52 Avenue 
3,2,1247871,3.04,Single,179900 CAD,25319 Hwy 661 
4,2,1240,.254,Single,200000 CAD,11512 103 Avenue 
2,1,908,.248,Single,44900 CAD,10104 108 Street 
2,1,600,.202,Single,45000 CAD,115 3 Avenue E 
2,2,936,.225,Single,164900 CAD,910 4 Avenue 
2,1,88803,0.12,Single,119900 CAD,4711 48 Street 
2,1,844,.149,Single,165000 CAD,102 5 Street SE 
4,1,1256,0.14,Residential,69000 CAD,110 6 Avenue W 
4,2,1012,.181,Single,178000 CAD,5522 47 Avenue 
2,1,810,>2.4,Single,199900 CAD,10140 99  Avenue 
3,2,134708,.198,Single,195000 CAD,10987 Grande Avenue 
1,1,2304,0.23,Residential,129000 CAD,806 Railway Avenue 
2,1,83189,.143,Single,109900 CAD,111 2 Avenue 
3,2,1216,,Single,79900 CAD,164 Swan City 
3,2,1152,,Single,92000 CAD,60 Highfield Close 
2,1,860,.151,Single,177500 CAD,9707 96 Avenue 
2,2,2750,0.07,Residential,79000 CAD,225 3 Street 
4,2,1648,0.18,Residential,189000 CAD,4213 50 Avenue 
2,2,489,.103,Single,175000 CAD,914 7 Street S 
3,1,672,0.14,Residential,105000 CAD,5102 52 Street 
1,2,401,.138,Single,122500 CAD,4802 49 Ave 
3,2,1419,,Single,76000 CAD,"138, 6724 17 Avenue SE 138"
3,2,1208,,Single,37000 CAD,157 Swan City 
3,2,1193943,,Single,43500 CAD,4819 51 AV 108
4,2,1322,.276,Single,184000 CAD,621 1 Street S 
3,2,1216,,Other,149900 CAD,10615 88 Street 119
2,1,1179,.119,Single,177000 CAD,519A Allowance Avenue SE 
2,1,1024,,Other,25000 CAD,4922 Womacks Road 61
3,2,1216,,Single,102000 CAD,"#118, 10615 88 Street 118"
2,2,918,,Single,160000 CAD,10116 101 Avenue 
3,2,1216,,Single,48500 CAD,105 Glasgow Street 
3,1,1152,.224,Single,125000 CAD,#307 8th Avenue  SE 
5,1,1276,.086,Single,142000 CAD,809 Centre Street 
3,1,980,0.17,Residential,164900 CAD,8 Rydberg Street 
2,1,747022,.143,Single,90000 CAD,47 ST 4733
3,1,102185,0.09,Residential,159900 CAD,9808 108 Avenue 
3,1,947985,,Single,79900 CAD,4405 50 AV 50
6,2,1008,0.23,Single,198000 CAD,4802 45 Avenue 
4,1,1124,0.14,Residential,60000 CAD,4827 51 Street 
2,1,91225,.161,Single,129900 CAD,4713 53 Street 
3,2,936468,,Single,170000 CAD,2611 135 AV NW 
3,1,109633,,Single,25000 CAD,"105, 145 East River Road "
4,2,845,0.23,Residential,199000 CAD,5014 54 Street 
3,1,924,,Single,35000 CAD,"#9, 726 Carmichael LANE 9"
4,2,875,.138,Single,196900 CAD,5536 47A STREET 
4,2,1076,0.14,Residential,110000 CAD,4914 51 Street 
1,2,993,0.15,Single,99900 CAD,118 2nd Avenue 
3,2,1200,.187,Single,102000 CAD,314 2 Avenue E 
2,2,672,.196,Single,189900 CAD,9208 101 Avenue 
3,1,1331,0.18,Residential,164900 CAD,413 3 Avenue W 
2,1,848,.153,Single,149000 CAD,300 4th Avenue  NE 
3,2,836148,,Single,179900 CAD,48 AV 5013
4,1,164151,.241,Single,99900 CAD,52 AV 4826
1,1,1120,.252,Single,49000 CAD,114-3rd Avenue street 
2,1,908,,Single,39900 CAD,"27, 6026 13 Ave 27"
3,1,1161,0.17,Residential,189000 CAD,203 2 Avenue E 
2,1,671997,,Single,78500 CAD,51 AV 4807
2,2,924,,Other,34900 CAD,6309 69 Street 
5,2,1341,0.29,Residential,199000 CAD,309 2 Avenue NW 
3,2,1831,ng>1,Single,179000 CAD,240 1 Avenue NW 
2,1,967,.115,Single,109900 CAD,7910 19  Avenue 
3,2,281134,.011,Single,180000 CAD,348 47 Avenue W 
3,2,1443,.275,Single,189900 CAD,132 Durham Street 
2,1,750251,.011,Single,99900 CAD,50 ST 4816
3,2,1003958,,Single,174900 CAD,5102 49th ST 
4,2,999,0.17,Residential,200000 CAD,4712 56 Street 
3,2,1140984,,Single,120000 CAD,48 ST 4736
4,2,1033,.209,Single,189000 CAD,5210 54A Avenue 
2,2,41554,0.18,Single,119000 CAD,304 4 Street SW 
4,3,1232,0.34,Residential,199000 CAD,4715 52 Street 
4,2,1088,.179,Single,149000 CAD,11331 Leonard Street 
2,1,896,0.11,Residential,147900 CAD,109 MEADOWLAKE Close 
5,2,1048629,.149,Single,190000 CAD,52 AV 4719
3,1,911,.138,Single,160000 CAD,4713 53 Avenue 
3,2,1672,,Single,149900 CAD,29108 RR 35 
5,2,1073,.193,Single,199500 CAD,10510 97th Avenue 
1,1,96101,,Single,199909 CAD,1 AV 154
2,1,1171,0.17,Residential,79900 CAD,1957 5 Avenue 
3,2,1216009,,Single,89900 CAD,89 Pleasantview MHP 
1,1,1005,,Single,65700 CAD,"38, 6026 13 Avenue 38"
1,1,912,ng>2,Single,159000 CAD,711080 RR170 
3,1,1201,.108,Single,165000 CAD,220 2 Street W 
3,1,1037,.108,Single,135000 CAD,2006 13 Street N 
2,1,96284,,Single,73475 CAD,10410 101A ST 13
2,1,960,.251,Single,45000 CAD,5114 49 Avenue 
3,2,1182425,,Single,198500 CAD,48 AV 5031
3,2,1120,,Other,154900 CAD,5111 65 Avenue 
3,1,1125,.064,Single,152900 CAD,511B Allowance Avenue SE 
2,1,739,.123,Single,199900 CAD,1222 9 Street N 
3,2,103991,,Single,186000 CAD,108 AV 10316
2,1,1001,0.23,Residential,85000 CAD,5007 47 Avenue 
3,1,108429,0.15,Residential,182000 CAD,642 Main Street 
3,2,873,0.14,Residential,175900 CAD,5008 53 Street 
4,2,1053796,,Single,89600 CAD,4912 51 AV NW 
3,2,1410,0.31,Residential,169000 CAD,4602 54 ave Avenue 
3,2,1005358,,Single,184900 CAD,52 AV 5002
4,2,937,.172,Single,199900 CAD,1112 Dominion Street SE 
3,1,1500071,1.01,Single,69900 CAD,8510 HWY 16 W 12
4,2,932162,.332,Single,129900 CAD,5006-5008 50 AV 
4,1,988,0.14,Residential,181500 CAD,5705 50 Avenue 
3,2,1080,0.14,Residential,199000 CAD,5225 42 Street 
3,2,960,0.19,Residential,149900 CAD,6117 50A Avenue 
3,2,1040,.167,Single,167900 CAD,10300 118 Street 
3,1,949,,Single,23900 CAD,"298, 133 Jarvis Street 298"
2,1,1012,.252,Single,69900 CAD,25 2 Street S 
5,3,1117,.179,Single,195000 CAD,11054 Hoppe Avenue 
2,1,790,0.14,Residential,126000 CAD,5025 54 Street 
2,1,63034,0.17,Single,189900 CAD,57 St 5015
3,1,960,.193,Single,168500 CAD,9806 110 Street 
3,1,952,,Other,29900 CAD,6834 59 Avenue 
2,1,752,.043,Single,186900 CAD,9515 105 Avenue 
2,2,1140,,Single,72000 CAD,505 Conductor Boulevard 
2,1,692,0.14,Residential,99500 CAD,5013 52 Street 
2,1,728,.161,Single,139000 CAD,918 8 Avenue 
2,1,676,.138,Single,130000 CAD,4911 55 Street 
3,2,1070,.179,Single,89000 CAD,5207 1 Avenue 
3,1,990,0.17,Residential,86000 CAD,322 3 Avenue 
3,1,966,0.39,Single,54900 CAD,022 Main Street 
3,1,959826,,Single,63000 CAD,248 Evergreen PA NE 
3,2,851971,,Single,199900 CAD,53 ST 3918
3,2,1022,.143,Single,157000 CAD,414 3 Avenue E 
1,1,736042,0.16,Single,83900 CAD,5427 Twp 494 
2,2,952,,Single,49000 CAD,69 Shand Trailer  Park 
2,2,757,0.08,Residential,130000 CAD,268 8 Street 
2,1,64575,.166,Single,55000 CAD,5024 50 Avenue 
2,1,737334,,Single,167000 CAD,47 AV 4720
2,2,1216009,,Single,78900 CAD,146 Evergreen PA NE 
4,3,1218915,0.23,Single,124900 CAD,110 Crescent DR 
4,3,1027,.215,Single,192500 CAD,310 6 Avenue W 
3,1,1020,.179,Single,140000 CAD,11402 Norris Cres 
3,2,1216,>0.2,Residential,164900 CAD,128 MEADOWLAKE Close 
2,1,696,0.14,Residential,138000 CAD,5008 52A Street 
3,1,1253,.198,Single,119900 CAD,202 Stuart Street 
4,2,1007941,0.48,Single,109900 CAD,58532 RR 113 353
2,2,960,1.91,Single,193000 CAD,22020 Highway 49 
3,3,1344,.413,Single,197900 CAD,4648  51 Street 
2,1,996,0.16,Residential,68000 CAD,4918 52 Avenue 
3,1,1008,.172,Single,125000 CAD,5 Selkirk  Avenue 
3,2,945,0.25,Single,179900 CAD,105 Scandia Crescent 
2,1,152881,.306,Single,165000 CAD,210 7 Avenue E 
2,1,679208,,Single,89800 CAD,50 ST 4925
3,1,1012,.245,Single,169900 CAD,305 3 Street 
2,2,1052,0.14,Residential,157500 CAD,514 3 Street W 
2,1,948,,Single,23500 CAD,"125, 4000 13 Avenue SE 125"
3,1,924,,Single,39000 CAD,52 Evergreen Village 
3,1,1136,0.14,Residential,189900 CAD,10128 107 Avenue 
3,1,1575,.138,Single,169900 CAD,4814 52 Street 
2,2,943,.286,Single,159900 CAD,128 1 Avenue S 
2,1,1072,0.14,Residential,73000 CAD,4903 51 Street 
2,1,1056,.167,Single,185000 CAD,5218 55 Avenue 
3,2,111112,,Single,53000 CAD,"43, 810 56 Street 43"
3,2,1519984,,Single,194700 CAD,52 AV 5131
1,1,567048,.172,Single,99900 CAD,56 ST 5412
3,2,1202339,,Single,119900 CAD,1643 Jubilee CR 
3,2,1810,0.43,Residential,198900 CAD,102 Main Street 
4,2,895,0.14,Residential,199000 CAD,1101 13 Street N 
3,1,123323,.413,Single,114500 CAD,807 5th Street 
2,1,924,,Single,67900 CAD,"354, 6220 17th Avenue SE 354"
5,2,1760,0.21,Residential,85000 CAD,4801 Windsor Avenue 
2,2,1201262,,Single,170000 CAD,44 AV 5104
3,2,1216,,Single,80000 CAD,lot 14 2501 41 Avenue 
2,1,820,0.14,Residential,166500 CAD,5105 58 Avenue 
4,1,988,0.25,Residential,184900 CAD,220 2A Avenue 
3,2,1201,,Single,110000 CAD,"150, 6724 17 Avenue SE 150"
2,1,912,.165,Single,159900 CAD,4409 47 Street 
3,2,1336,,Other,114900 CAD,1410 43 Street S 47
3,1,1100,,Single,69900 CAD,"15, 810 56 Street 15"
3,1,850033,0.25,Single,199900 CAD,"392 Mewatha Dr, Skeleton Lake "
3,2,149738,,Single,127900 CAD,5802 Labrador Road 
3,2,1503,,Other,60000 CAD,123 Birch Place 
5,3,198904,>0.2,Residential,199900 CAD,4932 48 Street 
2,2,718,0.14,Single,194900 CAD,5017 54A Street 
2,1,775008,,Single,89900 CAD,49 AV 4912
2,2,964,0.11,Residential,169900 CAD,4604 Broadway Avenue 
3,2,1073063,,Single,119000 CAD,5018 Aspen PL 
2,1,73125,0.12,Residential,85900 CAD,316 1 Street E 
5,2,719466,,Single,159000 CAD,54 AV 4415
5,2,960,.217,Single,178500 CAD,5313 Valley Road 
1,1,572,.073,Single,99000 CAD,140 15 Street N 
2,1,775869,,Single,119900 CAD,52 AV 5018
3,2,1216,,Single,134900 CAD,"#246, 10615 88 Street 246"
2,2,91494,,Single,198900 CAD,9 RAILWAY AV 
2,1,719035,,Single,199999 CAD,11527 93 street NW 
4,2,1008049,,Single,199900 CAD,4725 Aspen AV 
4,2,94828,.139,Single,187000 CAD,323 3 Street S 
3,2,1567,0.14,Single,120000 CAD,201 4 Street 
4,2,1801,>0.3,Residential,179000 CAD,4809 51 Street 
,,,ng>3,Single,120000 CAD,Near Highway 5 
3,2,1120,,Single,58000 CAD,"18, 53209 Range Road 183 18"
2,1,1015045,,Single,135000 CAD,4511 53STREET 
2,1,873,.143,Single,48500 CAD,106 4 Avenue E 
2,1,606013,,Single,115000 CAD,103 ST 10407
3,1,1215,.138,Single,74900 CAD,41 Rydberg Street 
1,1,528,.226,Single,38000 CAD,112 1st Avenue 
2,2,1141,.264,Single,90000 CAD,412 Railway Avenue 
4,4,3562884,,Single,189000 CAD,"144 Paraiso Escondido, Honduras "
1,2,645,0.17,Residential,188000 CAD,5608 51 Avenue 
4,2,850,0.14,Residential,164900 CAD,5302 48 Street 
3,2,1184,,Single,119000 CAD,"164, 6724 17 Avenue SE 164"
2,1,829,.138,Single,88900 CAD,4914 53 Street 
3,3,1450,>2.5,Single,125000 CAD,765020 Range Road 31 
2,1,972,,Other,59900 CAD,8B Parkland Estate 
4,2,1166,.132,Single,59900 CAD,8 Cochrane Street 
4,2,1525,0.17,Residential,150000 CAD,145 2 Street W 
3,2,1151963,,Single,110000 CAD,55 ST 5202
3,1,950031,,Single,38900 CAD,5200 2 AV E 
3,1,951968,,Single,34900 CAD,54 ST 5305
2,1,924,.118,Single,115000 CAD,328 Cottonwood Drive 
6,2,1250,.225,Single,180000 CAD,915 7 Avenue 
3,2,951,0.14,Residential,179000 CAD,207 6th Ave W 
1,1,1344,.269,Single,149999 CAD,101 main street 
4,2,1966,.143,Single,129000 CAD,111 4 Avenue E 
2,1,910,,Other,39900 CAD,99 Parkside Drive 
3,1,1466,.138,Single,55000 CAD,#222 4th Avenue SW 
3,1,1207,.143,Single,147500 CAD,16 Railway Avenue E 
2,2,1333014,3.12,Single,199900 CAD,240071 Twp Rd 623 
4,2,651,.122,Single,149900 CAD,308 Fowler Street 
4,2,1520,,Single,152500 CAD,"339, 10615 88 Street 339"
3,2,11713,,Single,83600 CAD,"396, 3223 83 Street NW 396"
3,3,1280,.132,Single,190000 CAD,20 Cochrane Street 
3,1,1200,0.32,Residential,164900 CAD,5027 60 Street 
5,2,1192,0.14,Residential,192900 CAD,127 3 Avenue 
3,1,811929,0.22,Single,199900 CAD,47 AV 4655
4,2,1520,,Single,154900 CAD,"334, 10615 88 Street 334"
4,3,1188,0.21,Residential,199000 CAD,4615 49 Street 
3,1,1384,0.14,Residential,165000 CAD,5102 53 Avenue 
2,1,857998,,Single,94900 CAD,47 ST 4729
2,1,1360031,,Single,29500 CAD,305 CALAHOO RD 124
2,1,107188,0.13,Single,135000 CAD,8 Westover Crescent W 
3,1,1049921,,Single,125000 CAD,4 ST 4901
3,1,841,0.19,Residential,194300 CAD,5813 54 Street 
2,2,1091,0.16,Residential,199900 CAD,610 5 Avenue 
1,1,645,,Single,64800 CAD,9707 100 Avenue 
3,2,905,0.14,Residential,199000 CAD,4021 57 Street 
1,1,1060,4.46,Single,149900 CAD,75038A  HWY 59 
3,2,1147227,,Single,109000 CAD,#63 Sportsman Trailer Park 
2,1,843682,.012,Single,169900 CAD,50 ST 5015
3,1,767,0.14,Residential,141500 CAD,5242 50 Street 
2,1,1000,,Single,80000 CAD,"79, 2248 Southview Drive SE 79"
4,2,1071,.179,Single,109900 CAD,5008 Oxford Avenue 
2,1,108193,.143,Single,135000 CAD,707 12A Street N 
3,2,1152,,Other,97500 CAD,17 North Loop 
3,1,1040,0.14,Residential,69000 CAD,5020 48 Street 
2,1,906329,,Single,84500 CAD,24 QUARRY CR NW NW 
3,1,944,.275,Single,169888 CAD,5128 53 Avenue 
2,2,1012,0.22,Residential,142900 CAD,303 2 Street W 
4,1,764,.132,Single,79900 CAD,214 6 Avenue W 
4,1,149668,0.19,Residential,192000 CAD,Centro Ave 134
3,2,1571975,.227,Single,155000 CAD,1 AV 257
3,1,1025,0.31,Single,119000 CAD,9820 102 Avenue 
2,2,865964,,Single,174500 CAD,50 AV 5214
3,2,1116,,Other,81900 CAD,54 Parkside Drive 
3,1,601,0.14,Residential,149500 CAD,1243 Queen Street SE 
2,1,813005,,Single,119900 CAD,50 AV 4812
2,1,1199217,,Single,51900 CAD,638 Evergreen PA NE 
3,2,1216332,,Single,89500 CAD,4202 45 ST 37
3,1,1007,,Single,35000 CAD,"64, 133 Jarvis Street 64"
2,2,880495,,Single,138000 CAD,125 1st ST W 
3,1,844005,,Single,69900 CAD,50 AV 4406
3,2,1209658,,Single,132900 CAD,3137 Lakewood CR NW 
2,1,696,.155,Single,99900 CAD,5124 53 Street 
2,2,560,0.12,Residential,149900 CAD,5821 52 Avenue 
2,2,736,.138,Single,169900 CAD,5409 49 Avenue 
1,1,1203953,,Single,95000 CAD,49 AV 4923
2,1,851432,0.12,Single,159900 CAD,4804 52 Street 
3,2,1041,1.36,Single,159900 CAD,ON 224060 Township Road 910 
3,2,1520,,Single,110000 CAD,37 Henke Place 
3,1,1144,,Single,49900 CAD,70 Evergreen Mobile Park 
4,3,1376,0.17,Residential,169000 CAD,4927 Parkview Drive 
3,1,980,,Other,47500 CAD,43 Westwood Court 
3,2,144905,,Single,164900 CAD,53222 Rge Rd 272 1504
2,3,1151748,,Single,129000 CAD,"165 Paraiso Escondido,Honduras "
2,1,7918,,Single,109900 CAD,48 AV 4716
3,2,1088,,Single,87900 CAD,"41, 3223 83 Street NW 41"
2,1,800,.138,Single,69900 CAD,19 1 Street North 
3,2,1501578,,Single,139000 CAD,4609 Snowbird LN 
2,2,1217,0.14,Residential,174900 CAD,5210 52 Street 
3,1,936,2.35,Single,159000 CAD,2341 Mistassiniy Road W 
2,1,924,.115,Single,99500 CAD,19 1 Street S 
3,2,152795,,Single,145000 CAD,5905 Primrose RD 
2,2,1524,.143,Single,109900 CAD,307 3 Avenue W 
4,1,771241,,Single,89702 CAD,48 AV 4914
2,1,929041,,Single,51900 CAD,409 Evergreen PA NE 
4,2,960,>0.4,Residential,180000 CAD,105 5 Avenue SW 
2,1,1059608,,Single,109900 CAD,49 ST 5015
4,2,906,.215,Single,159900 CAD,4829 52 Avenue 
2,1,803,.138,Single,64000 CAD,39  Rydberg 
2,2,859936,,Single,119500 CAD,52 AV 5209
3,2,1120,.143,Single,129900 CAD,207 7 Avenue E 
2,1,804,0.17,Residential,105000 CAD,5705 51 Avenue 
4,2,989,0.14,Residential,199888 CAD,3729 45 Street 
3,1,1179,,Single,41500 CAD,"19, 134 Village Way 19"
2,2,1336,.172,Single,149900 CAD,830 5 Street SE 
3,2,1088,.118,Single,199000 CAD,29 Westmount DR 
3,2,1097928,,Single,135000 CAD,513 Evergreen NW 
1,,722,.096,Single,57800 CAD,48 AV 119
2,1,600,,Single,22000 CAD,34 Shand Trailer Park Park 
1,1,708,7.73,Single,154000 CAD,Township Road 782 Range Road 234 Township 
3,2,1026,.205,Single,164900 CAD,123 2 Street 
2,1,1020,.138,Single,185000 CAD,210 Sexauer Street 
3,1,840,.275,Single,199900 CAD,"4807,4809 O'Brien Drive "
2,2,1087,0.27,Single,129900 CAD,213 Centre  Street 
2,2,4014,0.29,Residential,186000 CAD,204 Lady Vivian Avenue W 
3,1,1250992,,Single,188705 CAD,9 ST 1412
3,2,1151963,,Single,64700 CAD,469 Horse Hills Creek CR NW 
3,1,1071987,,Single,64900 CAD,1324 Lakewood Crescent 
3,2,1001,.182,Single,184500 CAD,10712 113 Street 
3,2,1216,0.02,Residential,179999 CAD,4909 Parkview Crescent 
3,1,1538,0.33,Residential,179000 CAD,5140 48 Street W 
3,1,946479,0.16,Single,168900 CAD,46 AV 5438
2,1,733,0.14,Residential,160000 CAD,4912 48 Street 
2,1,912,.108,Single,114900 CAD,5212 57 Street 
3,1,114031,.149,Single,194900 CAD,712 3 Avenue NW 
1,1,,0.15,Residential,35000 CAD,4607 50 Street 
4,2,1597,0.24,Residential,129900 CAD,4900 1 Avenue 
3,2,1257235,,Single,160000 CAD,52 AV 4704
3,1,896,,Single,84900 CAD,"18,48 Avenue 18"
3,1,848526,,Single,45500 CAD,5612 53 AV SW 11
3,1,773,>0.1,Residential,170000 CAD,1619 2A Avenue N 
2,1,616,0.22,Residential,50000 CAD,1 Red Deer Avenue 
3,2,1087,.143,Single,155000 CAD,112 7 Avenue E 
3,1,1599961,,Single,94900 CAD,46 ST 4756
3,1,1219992,,Single,79000 CAD,4630 Windsor AV 
2,1,776,.175,Single,158500 CAD,5313 54 Avenue 
2,1,814835,0.21,Single,79900 CAD,26510 Twp Rd 611 
3,1,1073,,Single,89000 CAD,"239, 133 Jarvis Street 239"
2,1,1105,0.14,Single,199900 CAD,5110 47 Street 
2,1,1036,0.13,Residential,65000 CAD,302 1 Avenue E 
3,1,964,,Single,52000 CAD,"98, 404 6 Avenue NW 98"
3,1,932,,Single,49900 CAD,38 Hillpark Mobile Park 
3,1,1400,0.17,Residential,105000 CAD,4407 53 Street 
2,1,766935,.209,Single,139900 CAD,51 ST 5301
3,2,840,.149,Single,199900 CAD,13 Main Street N 
3,2,779959,.105,Single,199800 CAD,12733 117 ST NW 
3,2,1216,,Single,88500 CAD,127 Clark Crescent 
1,1,742,.161,Single,104900 CAD,810 6 Avenue 
2,1,982,.224,Single,134000 CAD,5004 50 Street 
3,1,972743,,Single,39900 CAD,578 Evergreen ST NW 
2,1,992,,Single,59900 CAD,51 Evergreen Mobile Home Park 
2,2,1216,,Other,60000 CAD,89 Greenwood villa 
2,1,951968,0.12,Single,149900 CAD,10 ST 156
1,1,940,.127,Single,199000 CAD,10137 94 Avenue 
2,1,965,0.09,Residential,199900 CAD,1504 6 Avenue S 
3,1,893412,,Single,84900 CAD,46 Ridgeway DR NW 
4,2,1013646,,Single,184900 CAD,5304 Willow Dr South 
4,2,1008,0.14,Residential,179000 CAD,511 TULIP Street 
3,2,1216,0.07,Other,56900 CAD,49 Maple Drive 
3,2,1215256,,Single,79900 CAD,107 Willow Park Estates 
3,2,1540005,,Single,119000 CAD,4510 Labrador RD 
3,1,119599,,Single,119900 CAD,"38, 812 6 Avenue SW 38"
5,3,1194,0.14,Residential,139000 CAD,216 3rd Ave W 
3,1,986305,,Single,179900 CAD,3917 53A ST 
3,1,1054119,,Single,36600 CAD,5612 53 Avenue 27
2,1,808,0.21,Residential,95000 CAD,1410 4 Avenue SW 
4,2,1056,0.21,Residential,170000 CAD,5002 45 Street 
3,1,1528,.143,Single,129900 CAD,211 5 Avenue W 
3,2,1216,,Single,94900 CAD,321 Scott LANE 
6,2,1234,.289,Single,159900 CAD,4508 52 Street 
3,2,1315791,,Single,84900 CAD,225 Country Style 
3,1,1071,,Single,85000 CAD,#2 649 Main Street N 2649
3,3,1196,0.14,Residential,159500 CAD,309 1st Ave West 
3,1,886,,Other,109900 CAD,4402 48 Avenue 
4,2,1520,,Single,97500 CAD,154 Pickles Crossing 
4,1,1164127,.153,Single,199900 CAD,103 ST 10208
1,,1549908,.161,Single,99900 CAD,49 ST 5315
3,2,1250,.193,Single,95000 CAD,49 St 5104
2,2,804,0.14,Residential,195000 CAD,4715 49 Avenue 
3,1,1344,5.98,Single,145000 CAD,181 Range 75132
2,2,194796,0.35,Residential,144000 CAD,405 Swedberg Street 
2,1,800,.298,Single,107000 CAD,21  Dunmore Street 
2,2,1070,0.48,Residential,146000 CAD,404 7 Avenue 
2,1,680,0.14,Residential,164900 CAD,4912 47 Street 
2,1,776407,.149,Single,95000 CAD,110 ST 9803
2,1,655205,.093,Single,158900 CAD,12121 65 ST NW 
3,2,1229249,,Single,57400 CAD,2628 Lakeview PL NW 
2,1,1100,0.14,Residential,143000 CAD,218 Railway Avenue N 
4,2,1627,0.13,Residential,135000 CAD,375 3 Avenue W 
2,1,672,.115,Single,49000 CAD,115 1st avenue Street SE 
4,2,77322,0.03,Residential,179900 CAD,310 2 Street NE 
3,3,1798557,.235,Single,195000 CAD,122 Paraiso Escondido 
2,1,768,0.15,Residential,176900 CAD,5231 49 Street 
2,1,1188,0.13,Residential,199000 CAD,5601 50 Avenue 
3,2,1463904,4.63,Single,199000 CAD,421076 RR 95 
2,1,1162512,.144,Single,49900 CAD,177 Willow Creek ST 
2,1,900,0.14,Residential,179900 CAD,128 3 Avenue NW 
4,2,1658,0.14,Residential,173000 CAD,5211 52 Street 
3,4,1496627,,Single,189900 CAD,5015 50 Street 
1,1,744,.138,Single,30000 CAD,923 3 Avenue 
3,1,1140,0.14,Residential,138999 CAD,10 W 1 Avenue 
3,1,1144106,0.16,Single,175000 CAD,20575 WYE RD 3
3,2,1200,.196,Single,178000 CAD,10115 106 Avenue 
3,2,1140,,Other,83000 CAD,4204 47 Street 65
2,1,68825,.138,Single,79450 CAD,55 AV 4619
4,3,1406209,,Single,197500 CAD,53 AV 5111
3,2,849,.179,Single,119900 CAD,5006 52 Street 
2,1,839484,,Single,74900 CAD,10410 101A ST 45
6,2,2979,0.24,Residential,174900 CAD,5228 56 Avenue 
3,2,1341,0.53,Single,125000 CAD,4916 53 Street 
1,1,660048,,Single,59900 CAD,51 AV 4927
3,2,1155946,,Single,79900 CAD,#370 Evergreen PA NW 
3,2,1087272,,Single,88900 CAD,48 Rim RD NW 
3,2,925,.143,Single,189000 CAD,5113 52 Avenue 
3,2,192375,0.22,Residential,140000 CAD,94 1 Avenue 
3,2,1520092,,Single,164900 CAD,51 AV 5008
2,1,561,.161,Single,119900 CAD,634 5 Avenue 
4,1,1183,.143,Single,89900 CAD,5409 51 Street 
2,1,905,0.17,Residential,137000 CAD,4808 52 Avenue 
2,1,913864,,Single,109900 CAD,12604 153 AV NW 99
2,1,1086,0.16,Residential,122000 CAD,1102 Railway Avenue 
2,1,711285,.179,Single,175000 CAD,50 ST 4907
3,2,940,.134,Single,149000 CAD,5407 45 Street 
5,2,1048,0.13,Residential,189900 CAD,5703 42 Avenue 
2,1,864026,.146,Single,110000 CAD,50 AV 4504
3,1,732,.069,Single,149000 CAD,118 Centre Street 
2,1,896,,Single,50000 CAD,"11, 911 McLeod Street 11"
4,2,1120,.197,Single,199900 CAD,4803 55 Avenue 
3,1,1172,.179,Single,195000 CAD,10705 107 Ave. 
2,1,956,.171,Single,89900 CAD,303 1 Avenue N 
2,1,1204815,.219,Single,198900 CAD,12 AV 809
2,1,779,0.14,Residential,74900 CAD,518 3 Street W 
3,1,1080,.186,Single,55000 CAD,117 1st Ave SE 
3,1,1382636,0.29,Single,144900 CAD,52343 RGE RD 211 41
2,1,663,.143,Single,89900 CAD,313 5 Avenue E 
4,2,1387,.144,Single,175000 CAD,732 12C Street N 
4,3,1684,0.18,Residential,118118 CAD,601 6 Avenue W 
1,1,468987,.175,Single,100000 CAD,125 Lakeshore DR 
3,2,1216,.138,Single,149000 CAD,4718 49 Street 
2,1,895,.126,Single,168000 CAD,5121 55 Avenue 
2,2,928,0.14,Residential,169900 CAD,231 1 Street W 
2,2,1049921,,Single,199000 CAD,10560 103 Street 4
2,1,700,0.14,Residential,68000 CAD,5034 54 Street 
2,,479859,>0.2,Single,95000 CAD,875 West Cove Drive 
3,2,181847,,Single,89900 CAD,51 AV 5028
3,1,925704,,Single,79000 CAD,545 EVERGREEN PA NW NE 
4,2,940,0.13,Residential,135000 CAD,5205 48 Street 
3,2,912,,Residential,92500 CAD,4442 Park Crescent 
3,2,1540005,,Single,139500 CAD,5804 Labrador RD 
3,2,1297385,,Single,197500 CAD,49 AV 4723
1,1,1037004,,Single,80000 CAD,12604 153 AV NW 1
3,2,1216,,Single,105000 CAD,"800, 1101 84 Street NE 800"
3,1,759,.124,Single,174900 CAD,1619 8 Avenue N 
3,1,1034,.161,Single,199000 CAD,5015 6 Avenue 
1,1,151245,.138,Single,129900 CAD,4320 51ast 
4,2,1584,,Single,55000 CAD,"#32, 831 2 Avenue 32"
2,1,1097,.209,Single,147500 CAD,508 7 Avenue 
4,1,1299753,,Single,75000 CAD,4405 50 AV 92
3,1,904,.231,Single,58000 CAD,10620 102 Avenue 
3,3,1580,.207,Single,179900 CAD,4520 50 Street 
5,2,1023,.063,Single,169900 CAD,5011 Cote Ave 
3,2,1151748,,Single,69900 CAD,537 EVERGREEN AV NW NW 
2,1,864,0.08,Residential,109900 CAD,550 3 Avenue W 
3,3,1022,.138,Single,160000 CAD,4613 50 Street 
4,2,1026,0.41,Residential,165000 CAD,5014 47 Street 
3,2,602,.135,Single,99000 CAD,329 Dufferin Street 
1,1,571999,.167,Single,99900 CAD,52 AV 4710
4,2,1584,,Other,55000 CAD,831 2 Avenue 32
2,1,1112,0.22,Residential,129000 CAD,409 Haultain Avenue 
3,2,1476713,,Single,159900 CAD,1908 Jubilee RD 
3,1,972,.311,Single,59900 CAD,322 7 Avenue SE 
2,1,733,0.13,Residential,174900 CAD,4510 50 Avenue 
2,1,777268,0.01,Single,69900 CAD,5014 50 
2,2,992,,Single,89900 CAD,9 Davio Place 
4,2,1085,0.14,Residential,155000 CAD,436 2 Street W 
2,1,932,,Single,25000 CAD,53 Evergreen Trailer Crt 
3,2,876,.236,Single,159900 CAD,1308 Railway Avenue 
2,1,920107,,Single,48500 CAD,9501 104 AV 76
2,2,1016,0.14,Residential,199000 CAD,5210 51 Avenue 
6,3,1829988,,Single,185000 CAD,725 2nd ST 
4,2,918,.138,Single,140500 CAD,4708 54 ave 
3,3,1100,0.18,Residential,164900 CAD,5113 58 Street 
3,2,1378,.167,Single,169900 CAD,10701 104 Avenue 
2,1,1049059,,Single,159900 CAD,50 AV 5032
1,1,732,0.14,Residential,89700 CAD,130 2 Avenue 
2,2,1332153,,Single,157500 CAD,1666 Jubilee CR 
5,2,1166,0.14,Single,152900 CAD,5020 47 Street 
4,2,731,0.09,Residential,189900 CAD,5710 56 Avenue 
3,1,1500,.138,Single,139000 CAD,Lot 4 Block 6
1,1,672,0.26,Residential,49000 CAD,36 McKenzie Avenue 
3,2,1520,,Single,105000 CAD,51 Keystone Crossing 
3,1,1048,,Single,29500 CAD,133 Jarvis Street 283
4,2,1209,.143,Single,174900 CAD,417 2 Avenue W 
3,2,1152,,Other,104900 CAD,2924 29 Street S 
2,1,970,0.28,Residential,110000 CAD,5018 49 Street 
2,1,1049,0.14,Residential,90000 CAD,310 2 Street 
3,1,920,0.14,Residential,69000 CAD,402 1st Ave W 
3,3,1432,0.26,Residential,138000 CAD,106 George Street 
2,1,864,.104,Single,79900 CAD,10912 102 Ave. 
3,1,1320,.143,Single,99500 CAD,205 1 Avenue E 
3,1,1074,.228,Single,139900 CAD,11216 105 Avenue 
2,2,1303,.207,Single,197000 CAD,410 Grand Avenue 
2,1,878,.172,Single,145000 CAD,4814 54 Avenue 
3,2,1501,,Single,98000 CAD,"72, 133 JARVIS Street 72"
2,1,750,.224,Single,119900 CAD,812 6th Avenue 
1,1,897,0.16,Residential,70000 CAD,4901 53 Avenue 
3,2,1499963,,Single,155000 CAD,5803 Primrose RD 
2,1,910,0.04,Single,42000 CAD,"340, 133 Jarvis Street 340"
1,1,681146,,Single,89000 CAD,52 ST 4002
3,1,1142,0.73,Residential,199000 CAD,357 E 400 N 
3,1,1055948,.119,Single,179900 CAD,4535 47 Street 
3,2,1216,,Single,189900 CAD,"480, 1101 84 Street NE 480"
2,1,805,0.14,Residential,49900 CAD,204 1 Avenue E 
2,2,8275,0.01,Residential,159900 CAD,4932 46 Street 
3,2,1280,,Other,99900 CAD,9 Pinewood Drive Drive 
3,2,1211596,>0.5,Single,184900 CAD,3510 Lac Ste Anne TR 103
3,2,925,.165,Single,130000 CAD,9510 86 ave 
3,1,1473,.143,Single,99900 CAD,214 4 Avenue W 
1,1,132269,0.32,Residential,175000 CAD,4820 50 Avenue 
2,1,712254,,Single,179900 CAD,12114 85 ST NW 
3,2,1216,,Other,154900 CAD,Near RR 272 & TWP 410 
1,1,884,.145,Single,86900 CAD,901 3 Avenue 
1,1,649,.143,Single,80000 CAD,314 3 Avenue 
4,3,1637,.165,Single,198000 CAD,5217 50 Ave 
3,2,1088,,Single,64900 CAD,26 HILLPARK MOBILE PARK 
3,2,1593,.003,Single,175000 CAD,5106 52 Street 
2,1,859,0.14,Residential,179900 CAD,4213 51A Street 
3,2,1119456,,Single,52000 CAD,43 MAPLE RIDGE RD NW 
2,1,798796,,Single,69900 CAD,19 1 ST N 
3,2,1134,.193,Single,177000 CAD,1008 3rd Avenue 
4,3,2378,.149,Single,130000 CAD,324 4 Street SE 
3,1,1088,,Single,53000 CAD,"78, 42 Street "
2,1,68091,.126,Single,90000 CAD,236 First Avenue W 
1,1,462,.241,Single,35000 CAD,10104 99 Street 
2,1,851971,0.16,Single,179900 CAD,149 9 Street South 
4,2,815911,,Single,184900 CAD,47 AV 5209
2,1,908,.143,Single,69900 CAD,314 7 Avenue W 
2,1,7265,0.14,Single,185000 CAD,9308 105 Avenue 
2,2,74799,.152,Single,125000 CAD,48 ST 4934
3,1,1008,.189,Single,159900 CAD,1010 Main Avenue E 
2,1,64433,0.14,Residential,166900 CAD,9304 106 Avenue 
3,2,119728,.224,Single,169900 CAD,104 ST 10012
3,2,816019,,Single,139900 CAD,50 ST 4712
2,1,1008,.119,Single,179900 CAD,9710 99 Avenue 
2,1,801918,,Single,81000 CAD,305 Callahoo RA 185
3,2,1216009,,Single,199000 CAD,100 AV 10920
2,1,68599,,Single,59900 CAD,52 AV 5024
5,3,1144,.158,Single,162000 CAD,16 Hillside Avenue 
4,1,960041,,Single,180000 CAD,50 AV 5013
3,2,968,.277,Single,154900 CAD,113 Railway Avenue 
3,2,693,.298,Single,127900 CAD,401 Main Street 
2,1,804,0.14,Residential,54900 CAD,4907 50 Street 
4,2,1103956,,Single,199800 CAD,2 ST 809
3,2,156559,,Single,60000 CAD,"#1, 53209 Range Road 183 1"
3,2,920,.142,Single,165000 CAD,4805 48 Street 
4,2,998,0.14,Residential,184000 CAD,5116 56 Avenue 
4,1,1185,0.15,Single,106000 CAD,336 10 Street 
3,2,890,.138,Single,125000 CAD,5128 51 Street 
3,1,1191,0.14,Single,169900 CAD,5511 51 Avenue 
3,2,1075969,,Single,109900 CAD,1164 Aspen Drive West 
4,2,2147,0.15,Single,199000 CAD,583 Main 
3,1,899978,.009,Single,79000 CAD,45 ST 4912
4,2,1136,.287,Single,127500 CAD,17 1 Avenue 
2,1,1012892,.114,Single,189900 CAD,4313 53st 
1,1,480,0.12,Residential,64000 CAD,4836 51 Avenue 
2,1,1083,.227,Single,129900 CAD,220  C. Prowse Avenue 
4,1,1045,.161,Single,129900 CAD,1110 5th Ave. 
3,3,1886,.138,Single,150000 CAD,4910 51 Avenue 
3,2,860,.137,Single,179000 CAD,5613 50 Street 
3,2,1536,0.21,Residential,135000 CAD,254 Centre Street 
2,1,879,.165,Single,175000 CAD,4903 53ave 
2,1,836,0.51,Residential,34000 CAD,4745 49 Avenue 
2,1,869,,Single,39900 CAD,"99A, 810 56 Street "
3,1,936899,0.14,Single,189000 CAD,43 AV 5004
2,1,744,0.12,Single,119900 CAD,5618 51 Street 
4,1,1353,0.21,Residential,104500 CAD,5301 48 Street 
3,2,1545,.144,Single,164900 CAD,114 2nd Avenue E 
3,2,918,0.18,Single,184900 CAD,216 Alberta Avenue 
1,2,967,0.33,Residential,199900 CAD,104 24 Street NW 
3,1,1060,0.17,Residential,139000 CAD,5720 50A Avenue 
2,1,925919,.156,Single,174900 CAD,4619 50A AV 
3,2,1337,0.41,Residential,112000 CAD,5005 49 Street 
3,1,1139908,,Single,76900 CAD,460 Evergreen PA NE 
3,2,972,0.19,Residential,128900 CAD,4843 55 Avenue 
2,1,800,0.29,Residential,165000 CAD,4204 49 Avenue 
4,2,1013,0.16,Residential,195000 CAD,1806 22 Avenue 
4,1,1163,0.13,Residential,96300 CAD,5212 47 Street 
1,1,930225,.141,Single,199900 CAD,12243 107 ST NW 
3,2,1119456,,Single,109900 CAD,51 AV 4811
3,1,1300,.185,Single,32500 CAD,5004 44 Avenue 
5,2,1100,.165,Single,142000 CAD,217 7 Avenue E 
3,1,912,.344,Single,100000 CAD,2306 12 Street 
4,2,756,.199,Single,199999 CAD,20 Centre  Street 
3,2,1255,0.21,Residential,134900 CAD,4710 51 Street 
4,2,1370,,Other,64900 CAD,6305 69 Street 
4,3,1190,>0.2,Residential,179900 CAD,309 Nill Place 
3,2,1624,0.16,Residential,168000 CAD,4810 47 Street 
3,2,893412,.386,Single,195000 CAD,55107 Rge Rd 33 708
3,2,1351,,Single,75000 CAD,"257, 6220 17  Avenue 257"
3,2,792,0.14,Residential,170000 CAD,5109 52 Street 
2,1,1026,0.23,Single,198000 CAD,146 Sunrise Drive 
3,1,960,,Single,29900 CAD,"30, 5308 57 Street 30"
3,2,1216332,,Single,71000 CAD,304 West Brook WY NW 
2,2,100922,,Single,90000 CAD,316 Aurora Drive NE 
4,2,1073494,,Single,180000 CAD,50 AV 4914
4,3,2052,8.92,Single,188500 CAD,79116  Highway 744 
2,1,690,.294,Single,177900 CAD,87 Railway Avenue 
3,2,1216,,Other,149900 CAD,9 Meadowplace Green 
3,1,858,0.07,Residential,124999 CAD,179 1 Street W 
4,2,1125,.174,Single,189900 CAD,5546 49 Street 
2,1,1047,0.17,Residential,109000 CAD,123 4 Avenue SW 
2,2,1461,.241,Single,129900 CAD,4220 50 Street 
4,2,1152,.183,Single,140000 CAD,4503 47 Street 
3,2,1440008,,Single,112500 CAD,319 Maple Wood Drive NW 
2,2,957996,,Single,184900 CAD,51 ST 5035
2,2,793845,,Single,149500 CAD,55 ST 4011
4,1,1427,.248,Single,155000 CAD,47 St 5206
3,1,896,,Single,34900 CAD,"110, 6724 17 Avenue 110"
4,1,888,0.22,Residential,199000 CAD,5113 55 Street 
1,1,664,0.14,Residential,119900 CAD,4816 49 Street 
4,2,1024733,0.01,Single,184900 CAD,57 AV 5127
3,1,951968,,Single,38900 CAD,44 Pleasant View MHP 
3,2,1175,,Single,20000 CAD,"51, 810 56 Street 51"
3,2,1077,.104,Single,199900 CAD,1101 Braemar Street SE 
3,2,1114935,,Single,99900 CAD,5014 Imperial AV 
4,1,1670,.143,Single,124900 CAD,109 3 Avenue E 
2,1,884,0.58,Single,165000 CAD,80076 Highway 719 
3,2,89537,0.14,Residential,167000 CAD,114 7th Avenue 
3,1,968,,Single,57800 CAD,"32, 6007 Tuniper Crescent 32"
2,1,842,0.13,Residential,129000 CAD,445 3 Street East 
3,1,110215,.132,Single,199900 CAD,209 Aberdeen Street 
3,2,1225158,,Single,98000 CAD,305 Calahoo RD 250
2,1,780,.193,Single,159400 CAD,1130 15TH STREET 
3,2,1504054,,Single,122500 CAD,4511 Snowbird LN 
4,2,973,0.17,Residential,200000 CAD,5404 58 Street 
3,1,1260,0.01,Single,79900 CAD,473021 Rg. Rd. 10-1 
2,1,680,0.14,Single,149900 CAD,9505 104 Avenue 
3,1,938,,Single,69500 CAD,"107, 404 6 Avenue NW 107"
1,1,1066,.193,Single,149900 CAD,7715 Patterson Dr 
4,2,1186516,,Single,135000 CAD,53 AV 5105
2,1,923982,,Single,19900 CAD,12604 153 AV NW 15
3,1,87597,.158,Single,109900 CAD,4810 46 Street 
3,2,1635,.161,Single,179500 CAD,1122 5th Ave. 
3,2,973,0.15,Residential,149900 CAD,725 8 Street SE 
4,2,972,0.65,Single,79900 CAD,740 Highway 103
3,2,1464,0.15,Residential,125000 CAD,96 2 Avenue 
2,4,10285,4.99,Single,200000 CAD,48504 Range Road 60 
1,2,648962,.091,Single,154900 CAD,11505 96 ST NW 
3,2,1087164,,Single,46000 CAD,1307 WEST WOOD GA NW 
2,1,742,.135,Single,155000 CAD,5110 54A Street 
3,2,1333,,Other,55000 CAD,6205 54 Street 12
2,1,848,.127,Single,134500 CAD,1901 1 Avenue N 
2,1,1056,0.14,Residential,159000 CAD,5006 44 Avenue 
2,2,950,0.14,Residential,189000 CAD,4415 47 Street 
3,4,1612,0.43,Single,199999 CAD,45 A Avenue 4431
3,1,1182,0.14,Residential,149889 CAD,4922 52 Street 
3,1,950,0.09,Residential,150000 CAD,549 2 Street SW 
3,1,960,0.15,Residential,103900 CAD,602 3rd Avenue 
3,2,952,.164,Single,74900 CAD,10812 101 Avenue 
3,2,1520,,Single,90000 CAD,"#1, 28009 Township Road 372 1"
2,1,861766,,Single,174900 CAD,11404 94 ST NW 
5,2,18015,.224,Single,179900 CAD,11104 102 Avenue 
4,3,1042,.193,Single,150000 CAD,5011 46 Street 
2,1,768,.151,Single,169900 CAD,5109 56A Street 
3,1,1503,0.11,Residential,69500 CAD,4919 51 Street 
1,1,41205,.594,Single,84900 CAD,212 Roberts  Street 
3,3,975,.275,Single,159800 CAD,4915 49 Street 
2,1,1094699,,Single,56900 CAD,301 Evergreen PA NE 
2,1,1031,0.31,Residential,39900 CAD,5025 53 Street 
3,1,1224,0.34,Residential,74999 CAD,409 2 Avenue W 
3,3,3552,>0.3,Residential,174000 CAD,220 KING Street 
2,1,783942,,Single,73000 CAD,305 CALAHOO RD 170
3,2,1203,,Single,55000 CAD,"140, 133 Jarvis Street 140"
2,1,88781,.139,Single,115000 CAD,5036 51 Avenue 
1,1,107823,,Single,64900 CAD,50 AV 5136
5,3,1994,0.13,Residential,150000 CAD,41 McKenzie Avenue 
1,1,728,.186,Single,154900 CAD,4902 52 Street 
2,1,779,0.28,Residential,154000 CAD,108 Macrae Street 
2,2,1220638,,Single,79900 CAD,#32 Paraiso Escondido 
3,1,894,.198,Single,167500 CAD,411 2 Street N 
5,2,923,0.16,Single,175000 CAD,38 SUNSET Drive 
3,2,1104,.165,Single,119000 CAD,204 4th Avenue SE 
4,1,780,0.14,Residential,129000 CAD,206 Beaver Street 
3,1,1720,.172,Single,85000 CAD,108 3 Avenue 
3,2,1207398,,Single,99000 CAD,4613 Tutor LN 
3,2,1216,,Other,55000 CAD,155 Wildrose Court W 
3,1,884,.161,Single,75000 CAD,10800 107  Ave 
2,1,1072,0.16,Residential,159900 CAD,119 6 Avenue NE 
2,2,1650,0.14,Residential,139900 CAD,220 1 Avenue E 
3,2,1515894,,Single,170000 CAD,51508B Range Road 280 
,,1072,,Single,35900 CAD,55 Hillpark Trailer Park 
3,1,1049705,,Single,62000 CAD,1369 Lakewood Road 
2,1,1024,0.32,Residential,109750 CAD,60E 100N N 
2,1,994,0.14,Residential,128500 CAD,4903 47 Street 
3,1,12363,0.15,Residential,104900 CAD,5204 50 Street 
6,3,1152,0.16,Residential,165000 CAD,114 Poplar Avenue 
4,2,2172,0.19,Single,159900 CAD,203 5 Avenue N 
3,1,908374,,Single,79900 CAD,1440 West Strait PL SW 
2,2,806008,,Single,99500 CAD,48 AV 5016
3,1,1344,0.13,Other,144900 CAD,5407 50 Street 
4,2,1030,0.14,Residential,194999 CAD,5411 54 Street 
3,2,1221,,Single,95000 CAD,"82, 851 63 st 82"
3,1,952,,Single,62500 CAD,"249, 3223 83 Street NW 249"
1,1,945,0.35,Single,139900 CAD,1022 Main Avenue E 
4,3,13455,,Single,199900 CAD,4521 41A street 
3,2,1137,.138,Single,159500 CAD,310 8th Avenue SE 
3,2,1046261,,Single,199950 CAD,48 AV 5406
3,1,832918,0.15,Single,167500 CAD,46 AV 5508
2,1,840,.248,Single,42500 CAD,402 River Street SE 
3,1,1053,0.14,Residential,189900 CAD,5215 54 Avenue Close 
3,2,1155,,Single,59000 CAD,"128, 812 6 Avenue SW 128"
1,1,980,,Single,42000 CAD,"46, 9301 102 Street 46"
2,1,840,0.14,Single,149900 CAD,9511 107 Avenue 
3,2,1151748,,Single,108000 CAD,309 Maple Wood DR NW 
1,1,68824,0.22,Residential,150000 CAD,4828 49 Street 
2,1,951968,,Single,59000 CAD,4819 51 AV 46
2,1,717313,.093,Single,199000 CAD,11446 66 ST NW 
2,1,1045,0.17,Residential,115000 CAD,415 Main Street 
3,2,1342,0.16,Residential,99900 CAD,5012 3 Avenue 
3,2,1843,0.34,Residential,199900 CAD,205 Hamilton Avenue 
3,2,1215256,,Single,114900 CAD,5909 Labrador RD 
3,1,1066,0.14,Residential,89000 CAD,218 2nd Ave E 
3,1,960,0.14,Residential,99000 CAD,103 2 Avenue 
2,2,1216,,Other,55000 CAD,5344 76 Street 173
2,1,792,.166,Single,129900 CAD,1143 Steel Street SE 
3,2,129168,,Single,109900 CAD,2712 Lakeside Drive NW NW 
3,2,121235,,Single,79995 CAD,54 Davio Place 
3,2,8073,,Single,129900 CAD,47 ST 5228
2,1,977048,,Single,139000 CAD,3400 48 ST 60
5,3,1080,.275,Single,199900 CAD,409 2nd  Street NE 
3,1,1095,,Single,59000 CAD,"55, 145 EAST RIVER ROAD 55"
2,1,96594,.138,Single,175000 CAD,2212 19 Street 
1,1,818,0.17,Residential,109800 CAD,408 7 Avenue 
4,2,93984,0.29,Residential,149900 CAD,39 Heather Court 
2,2,1400,,Other,54999 CAD,5500 Gregg Street D4
3,1,936,.249,Single,179800 CAD,5020 55 Avenue 
2,1,880,0.15,Single,157000 CAD,427 26 Street 
1,1,,0.24,Residential,29900 CAD,403 1 Avenue 
3,2,1520,,Other,139900 CAD,2300 13 Street N 93
2,1,797935,.138,Single,174900 CAD,53 AV 4517
2,1,639,.161,Single,58000 CAD,14 St. 706
2,1,1068004,,Single,69000 CAD,305 Calahoo RD 11
3,2,1216,,Single,85900 CAD,55 Rivervalley Estates 
2,1,1059,.075,Single,170000 CAD,919 7 Street South 
2,1,1488,.241,Single,175000 CAD,233 Trochu Avenue 
2,1,866,,Other,49500 CAD,6834 59 Avenue 107
2,2,505047,.163,Single,175000 CAD,51 ST 5127
3,1,1042,,Single,59900 CAD,"51, 9824 104 Avenue 51"
4,2,8055,0.34,Single,139900 CAD,10108 114 Street 
2,2,1119456,,Single,74900 CAD,1301 Lakewood CR 
3,1,881,,Single,40000 CAD,#5 5853 4 Street W 55853
3,2,1151748,,Single,97000 CAD,253 305 Calahoo Road 
4,2,2432,>0.2,Residential,179900 CAD,5009 45 Street 
2,1,778,.068,Single,159900 CAD,523A Washington Avenue SE 
3,2,768011,,Single,179000 CAD,53 ST 5113
1,1,953,.191,Single,84900 CAD,86 S 2 Street W 
3,2,1312,0.23,Residential,149900 CAD,100 Greenfield Street 
3,2,1325,0.15,Residential,179900 CAD,210 2 Street SE 
3,2,1604,0.21,Residential,139900 CAD,321 1 Avenue NE 
3,2,994,0.09,Residential,195000 CAD,5412 47A Street 
3,2,1519877,,Single,122000 CAD,417 Oak Wood CR SE 
3,1,129168,,Single,159900 CAD,50 AV 5108
2,1,1397,.138,Single,159900 CAD,204 Dufferin Street 
3,3,1128,.203,Single,179000 CAD,2 1ST AVENUE SW 
4,2,1520,,Other,79000 CAD,24 Westridge Mobile Park 
1,1,186,5.78,Residential,199000 CAD,1 Jewal Close 
3,1,1174,,Other,60000 CAD,C11 Terrace Trailer Park 
2,1,672,0.14,Residential,185000 CAD,5211 49 Avenue 
3,2,1199971,,Single,114900 CAD,1452 Lakeland Village BV 
3,2,1056,.194,Single,90000 CAD,5 Centennial Crescent 
1,1,825,.069,Single,40000 CAD,108 4 Avenue NE 
1,1,590944,,Single,87900 CAD,52 AV 5103
3,1,924,,Single,29900 CAD,"138, 133 Jarvis Street 138"
1,1,686,.212,Single,119900 CAD,701 Broadway  Street 
3,3,2352,.383,Single,159000 CAD,4220 Caribou Crescent 
1,1,752,.138,Single,158500 CAD,4711 48 Street 
3,2,1250,.132,Single,185000 CAD,203 4 Avenue E 
2,1,622052,.091,Single,171900 CAD,11242 94 ST NW 
3,1,1148,0.14,Residential,174900 CAD,5128 48 Street 
2,2,1174137,,Single,65000 CAD,1712 West Oak CL NW 
3,1,1772,.186,Single,169900 CAD,10206 101 Street 
1,1,648,0.16,Residential,139900 CAD,640 Pottery Street SE 
3,2,1060,.138,Single,195000 CAD,4703 53 Avenue 
1,2,539276,2.88,Single,199000 CAD,455017 HWY 795 
2,1,768,0.12,Residential,199500 CAD,3918 45 Street 
2,1,1052,,Single,44900 CAD,"81, 8060 100 Street 81"
3,1,82805,0.11,Residential,199000 CAD,5011 61 Avenue Close 
2,2,1118,0.16,Residential,169000 CAD,6209 51 Street 
2,1,646701,,Single,165000 CAD,46 AV 5027
2,1,815911,,Single,89900 CAD,4 1 AV W 
4,1,1216978,.131,Single,198000 CAD,51 AV 4740
4,3,1191144,,Single,149900 CAD,101 Cameron CR 
2,1,1064,0.24,Residential,164900 CAD,5316 55 Avenue 
3,2,960,0.12,Residential,185000 CAD,3 Juniper Road 
2,1,1019351,,Single,72000 CAD,52 AV 4907
4,2,116251,.063,Single,145000 CAD,"35, 320 7 Avenue 35"
3,2,1055948,,Single,79000 CAD,305 CALAHOO RD 2
3,2,895457,,Single,190000 CAD,55 AV 4401
3,2,1055,.386,Single,179900 CAD,305 9 Avenue 
3,2,115444,.171,Single,104900 CAD,4 Hillside Crescent 
4,2,1357233,,Single,104900 CAD,50 AV 5402
2,1,1431827,,Single,145000 CAD,49 AV 5107
5,2,1097,.172,Single,199000 CAD,415 8 Avenue W 
2,1,895995,,Single,62500 CAD,52 Rim Road NW 
2,2,1134,.132,Single,112500 CAD,5212 49 Street 
2,2,857,0.28,Residential,128900 CAD,1101 Glenmuir Avenue 
2,1,928,0.17,Residential,165000 CAD,4003 46 Street 
3,1,1335812,>1.5,Single,99900 CAD,57201 RNG RD 102 283
3,1,960,,Single,53000 CAD,"#37, 55011 714 Township 37"
1,1,596,0.07,Residential,139900 CAD,7009 18 Avenue 
2,1,105315,,Single,75000 CAD,2334 West Port CL NW 
3,2,1216,,Single,82500 CAD,205 Silverpointe Drive 
3,1,816019,,Single,59900 CAD,53 AV 5011
2,2,1005,0.16,Residential,122500 CAD,5140 52 Avenue 
2,1,917,.172,Single,159900 CAD,1020 Ross Street SE 
3,1,1072094,,Single,99999 CAD,78 Willow Park Estates 
2,1,1080,.137,Single,165800 CAD,573 Highway 16460
3,3,1020427,.025,Single,154000 CAD,Pulpo 1 Pulpo 
3,1,937114,,Single,59900 CAD,1060 Lakeland Village BV 
3,2,1398567,,Single,99999 CAD,3323 LAKEVIEW RD NW 
3,2,1519877,,Single,116900 CAD,83 Midland RD 
2,2,1790,0.55,Residential,129000 CAD,103 3 Street 
2,1,816,,Single,23000 CAD,42 Shand Trailer Park 
3,1,109825,.161,Single,147900 CAD,5269 52 Street 
3,2,1520,,Other,90000 CAD,28009 Township Road 372 1
3,2,1534,0.18,Residential,180000 CAD,93 Villa Street 
3,2,11845,,Other,94900 CAD,15 Mackenzie Ranch Way 62
3,1,960,.126,Single,190000 CAD,201 1 Street 
2,1,841,.163,Single,169500 CAD,5217 54 Avenue 
3,1,1086,.138,Single,139000 CAD,802 2 Street SE 
4,2,1032,0.17,Residential,189000 CAD,6008 50A Avenue 
4,1,1743015,4.65,Single,145000 CAD,62023 Rge Rd 435
2,1,1024518,,Single,59900 CAD,10770 Winterburn RD NW 1436
3,2,59977,.081,Single,129900 CAD,55 AV 5139
3,1,829,0.14,Residential,134900 CAD,5218 42 Avenue 
5,2,1008,0.17,Residential,145000 CAD,108 Central Avenue 
3,1,952,,Other,16900 CAD,6834 59 Avenue Avenue 114
3,1,1128,.187,Single,74000 CAD,16 RYDBERG STREET 
3,2,1216,,Single,95200 CAD,366 Scott Lane 
4,1,188983,.136,Single,169000 CAD,829 Dundas Street 
4,1,936,0.16,Single,170000 CAD,18 Centre Street 
3,1,160093,0.22,Single,120000 CAD,1 3 AV 
3,1,1012,,Other,27900 CAD,600 14 Street 73
3,2,1334736,,Single,129900 CAD,76 wood&Garden ES 
3,1,1119,0.14,Residential,65000 CAD,212 1 Avenue N 
4,2,128723,,Single,47000 CAD,"36, 812 6 Avenue SW 36"
3,2,1152,,Single,79000 CAD,"21, 812 6 Avenue SW 21"
1,2,756,0.13,Residential,69900 CAD,5118 51 Street 
3,1,1092761,,Single,64900 CAD,532 Evergreen PA NW 
3,1,1076,0.17,Single,145000 CAD,1130 5  Avenue 
2,1,643,>0.1,Residential,52500 CAD,1117 2 Avenue W 
3,1,1048,0.14,Residential,84900 CAD,109 3 Avenue E 
3,1,676,0.09,Residential,137500 CAD,499 2 Street SW 
3,3,1050,.202,Single,159900 CAD,4821 56 Street 
3,2,1519984,,Single,131900 CAD,C40 Poplar Ridge MHP 
2,1,854,0.14,Residential,148000 CAD,4726 48 Avenue 
3,2,1430,0.25,Residential,155000 CAD,4805 50 Street 
2,2,717959,0.14,Single,144900 CAD,53 ST 3902
2,1,888,0.23,Residential,149900 CAD,104 Prairie Crescent NE 
2,2,860,0.14,Residential,74900 CAD,334 2 Avenue 
4,2,9806,,Single,159900 CAD,51 AV 4920
4,2,1000514,.159,Single,199900 CAD,12815 92 ST NW 
2,2,1026024,.149,Single,84900 CAD,109 ST 9811
2,1,932,0.25,Residential,189900 CAD,5507 55 Avenue 
3,1,88211,,Single,184900 CAD,11920 96 ST NW 
2,2,1119994,,Single,53000 CAD,72 Pleasantview MHP 
4,1,1292003,,Single,194900 CAD,52 AV 4705
4,1,1025,.165,Single,169000 CAD,11223 Leonard Street 
6,3,1521,0.15,Residential,199500 CAD,15 2 Avenue E 
1,1,529912,,Single,69900 CAD,53 AV 4507
2,1,822,0.15,Residential,98000 CAD,4818 49 Street 
3,2,1116,,Single,59900 CAD,"455, 3223 83 Street NW 455"
3,2,1100,0.14,Residential,164000 CAD,112 7th Avenue W 
2,2,48438,,Single,169900 CAD,13039 66 ST NW 
2,2,767904,,Single,150000 CAD,52 ST 4407
5,2,1188,.143,Single,49900 CAD,305 5 Avenue W 
4,2,1168,>0.2,Residential,155000 CAD,5105 52 Avenue 
3,2,1065,,Single,89500 CAD,"426, 3223 83 Street NW 426"
3,2,1178,,Single,135000 CAD,"122, 8060 100 Street 122"
3,2,1216009,,Single,79500 CAD,500 Evergreen PA NW 
3,2,1046,,Other,69900 CAD,34 Parkside Drive 
3,1,1287374,,Single,75000 CAD,53 AV 4839
3,1,127539,,Single,99800 CAD,"149, 6724 17 Avenue SE 149"
2,1,656604,.085,Single,149900 CAD,9423 110 AV NW 
2,1,900,,Single,35000 CAD,"51, 145 East River Road 51"
3,1,927,.249,Single,134900 CAD,10212 113 Street 
4,4,4431431,,Single,64900 CAD,1 Main ST 
2,2,103236,.155,Single,119900 CAD,124 4 Avenue E 
3,2,148597,,Single,170000 CAD,49 AV 4924
3,2,962517,,Single,107900 CAD,52 ST 5104
3,1,962,0.16,Residential,129900 CAD,4905 51 Avenue 
4,2,1181,.096,Single,169900 CAD,5306 35 Street 
2,1,1013,.115,Single,25000 CAD,4 Main Street 
4,2,990,.161,Single,179900 CAD,918 5 Avenue 
1,1,320,0.16,Lots,185000 CAD,10046 Township Road 422 8
1,2,1312562,.052,Single,189900 CAD,10868 92 ST NW 
2,1,916016,.005,Single,179000 CAD,56 AV 5103
3,2,1040,.138,Single,161500 CAD,10119 103 Avenue 
2,1,667,0.14,Residential,195000 CAD,1104 19B Avenue 
5,3,1600,0.18,Residential,184000 CAD,4701 56 Street W 
2,1,1016,,Other,63500 CAD,11 Mobile Drive NE 
3,1,830,0.15,Single,189500 CAD,419 22 Street 
3,1,1320958,4.03,Single,189900 CAD,2221 Township rd 602 RD 
,,1024,,Single,35000 CAD,"47, 9301 102 Street 47"
2,1,81278,.132,Single,81900 CAD,227 2 Street N 
1,1,936,0.31,Single,100000 CAD,5118 48 Avenue 
3,2,1067,.198,Single,109000 CAD,117 Noble Street 
3,2,72692,0.22,Residential,165000 CAD,640 2 Street 
2,1,100934,.161,Single,152900 CAD,4609 54 Street 
3,1,904,.138,Single,89000 CAD,308 5th Avenue SE 
3,3,1773,2.03,Residential,199000 CAD,SE 34-45-9-W4 
3,2,698261,,Single,78500 CAD,54 ST 4828
3,2,965,.138,Single,150000 CAD,315 7 Avenue SE 
3,1,996746,,Single,130000 CAD,10 ST 513
2,2,881,0.16,Residential,101000 CAD,226 1 Avenue SE 
3,1,960,,Single,55000 CAD,24 Shand Trailer Park 
4,2,1747,0.14,Residential,149000 CAD,110 4 Avenue W 
3,1,884155,,Single,197000 CAD,49 AV 5720
2,1,723,.138,Single,74900 CAD,4710 54 ave 
2,1,715,,Other,35000 CAD,28 Parkview Avenue 
5,2,1065,.204,Single,198900 CAD,4644 52 Ave 
3,1,1572,,Single,30000 CAD,"68, 55011 Township Road 714 68"
3,1,1176,1.43,Residential,69000 CAD,4614 50 Street 
1,1,575013,,Single,65000 CAD,49 AV 5223
2,1,1007941,>0.2,Single,189000 CAD,396 Mewatha Drive 
1,1,300,0.11,Residential,110000 CAD,62 ... 
4,1,1508,0.14,Residential,174900 CAD,4711 51 Street 
3,2,1200,,Single,72900 CAD,"124, 404 6 Avenue 124"
4,2,990,.126,Single,198900 CAD,5018 58 Avenue 
3,2,1230002,,Single,199000 CAD,4625 50 Street 
3,1,1080,.169,Single,198900 CAD,9710 91 Street 
2,1,1230,0.14,Residential,146500 CAD,7 Spruce Avenue 
3,2,1356,0.34,Single,164900 CAD,700 8 Street 
2,1,944,0.14,Residential,159900 CAD,4911 53 Street 
3,1,910,,Other,20900 CAD,5433 76 Street 282
3,2,1339,.153,Single,159000 CAD,107 2nd Avenue SW 
3,2,1088,,Single,99900 CAD,15 WESTVIEW MOBILE HOME Park 
4,2,875,.172,Single,149900 CAD,4811 49 Avenue 
3,1,160093,0.22,Residential,120000 CAD,1 3 Avenue 
3,1,928,.161,Single,143900 CAD,705 6TH AVENUE 
2,1,901,,Single,69000 CAD,"8, 812 6 Avenue SW 8"
2,1,951538,,Single,22000 CAD,32 Greenwood MHP 
3,1,803,0.07,Residential,99900 CAD,133 1 Street W 
2,2,125592,0.14,Residential,159000 CAD,5206 49 Avenue 
3,1,1088,,Other,69900 CAD,37543 England Way Drive 156
3,2,832,0.13,Residential,95000 CAD,5010 49 Street 
2,1,660,0.08,Residential,90000 CAD,720 2 Street 
1,1,633461,.138,Single,124000 CAD,54 AV 4620
3,2,1400,0.14,Residential,189977 CAD,5019 54 Street 
3,1,966,.193,Single,140000 CAD,10020 -102 Avenue 
4,1,947,0.16,Residential,79900 CAD,1029 7 Avenue 
4,2,1136,>0.2,Residential,159900 CAD,4905 57 Street 
3,2,1232047,,Single,97000 CAD,A30 Poplar Ridge 
2,1,1153,,Other,28700 CAD,6834 59 Avenue 802
2,1,1079952,4.07,Single,174900 CAD,11417 TWP Rd 584 
3,2,854,0.22,Residential,154900 CAD,5620 51 Avenue 
1,1,810422,,Single,187500 CAD,49 ST 5015
3,2,11615,,Other,99990 CAD,15 Mackenzie Ranch Way 69
4,2,1435,.264,Single,124900 CAD,35 Selkirk Avenue 
3,2,1021,0.09,Residential,165900 CAD,148 2 Avenue SE 
2,1,100975,.091,Single,173500 CAD,436 18th Street 
3,1,1253037,,Single,82708 CAD,52 AV 4716
3,2,1216,,Other,189900 CAD,4913 Doncaster Avenue 
2,1,1016,,Other,35900 CAD,4504 41 Street 12
4,1,1168,.275,Single,114900 CAD,807 2 Avenue 
3,2,1216,,Other,69999 CAD,6834 59 Avenue 822
2,1,856,0.14,Residential,129900 CAD,5231 42 Street 
1,1,819,.138,Single,72000 CAD,4922 51 Avenue 
2,2,984,0.13,Residential,174900 CAD,423 3 Street E 
3,2,1216,,Single,85000 CAD,5014 54A Street 
1,1,670,0.21,Residential,199000 CAD,"6, 2121 26 Avenue SW "
4,2,1020,.149,Single,182000 CAD,5206 49 Avenue 
4,1,997,,Single,56900 CAD,"61, 133 Jarvis Street "
2,1,936,0.14,Residential,180000 CAD,9511 105 Avenue 
3,2,1087917,,Single,68000 CAD,515 West Wood PL NW 
3,2,1088,,Other,87000 CAD,3 Pinewood Drive 
1,1,805,.192,Single,195000 CAD,1501 22 Avenue 
4,1,887,.149,Single,179500 CAD,202 5 Street NW 
3,2,1259926,,Single,69900 CAD,137 Willow Park ES 
3,1,1433011,.138,Single,169900 CAD,11522 101 ST NW 
3,1,955,0.15,Single,95000 CAD,136 10 Street 
5,2,1488,0.37,Residential,165000 CAD,5615 49 Avenue 
3,2,1208,0.37,Residential,200000 CAD,177 Main Street 
3,2,1067789,,Single,59900 CAD,50 AV 4809
3,1,799,0.16,Single,79900 CAD,11220 107 Avenue 
2,1,856,2.07,Residential,125000 CAD,39218 Highway 36 
1,1,490623,,Single,69900 CAD,53 AV 5106
2,1,87619,,Single,125000 CAD,55 ST 5718
2,1,673,0.14,Residential,189900 CAD,4724 49 Avenue 
3,2,1152,,Single,49900 CAD,"11, 400 1 Street SE 11"
6,3,1209874,,Single,175000 CAD,40 ST 5030
3,1,1240,.248,Single,155000 CAD,5107 46 Avenue 
2,2,718,0.17,Residential,144900 CAD,954 3 Street SE 
4,2,1097928,.009,Single,175000 CAD,48 ST 5024
3,1,1036,.138,Single,140000 CAD,4612 48B Ave 
2,2,1224943,,Single,149900 CAD,12604 153 AV NW NW 9
2,1,862,0.22,Residential,199000 CAD,4807 47 Street 
3,1,1189,.141,Single,125800 CAD,5524 48 Street 
1,1,974,.167,Single,69900 CAD,2219 22  Avenue 
2,2,107231,,Single,49000 CAD,9501 104 AV 29
3,1,967684,,Single,64900 CAD,331 Juniper PL NW 
2,1,1042,.138,Single,68000 CAD,812 4 Avenue 
4,2,856,0.18,Residential,79900 CAD,4802 50 Street 
3,1,1088,,Other,53000 CAD,42 Street 78
2,1,1193,0.14,Residential,96000 CAD,4908 49 Street 
3,1,979524,.161,Single,87500 CAD,53 AV 5013
3,2,1520,,Single,159900 CAD,"335, 10615 88 Street 335"
3,2,878,.187,Single,146500 CAD,119 2 Street W 
4,2,1818,0.14,Residential,110000 CAD,204 5 Avenue W 
2,1,652,0.14,Residential,129900 CAD,5226 44 Street 
3,2,83351,0.21,Residential,180000 CAD,4504 52 Avenue 
2,1,1120,0.08,Residential,64000 CAD,5006 47 Avenue 
3,2,1360,0.16,Residential,129900 CAD,233 2ND Street S 
5,2,784,.097,Single,199900 CAD,1089 Timberline Drive 
3,2,1930,0.21,Residential,194900 CAD,302 4 Street 
3,1,1115904,.161,Single,135000 CAD,4619 50 Avenue 
3,1,908,.145,Single,150000 CAD,905 3 Avenue 
3,2,1844,>0.4,Residential,184900 CAD,4913 49 Avenue 
4,2,1501,0.17,Residential,154900 CAD,519 Riverside Drive 
3,1,1235707,,Single,51900 CAD,9501 104 AV 56
3,2,1160,0.14,Single,129900 CAD,2028 19 Avenue 
5,2,1024,0.14,Residential,195000 CAD,91 Greenbrook Drive E 
4,2,1212,0.28,Residential,165900 CAD,5235 52 Avenue 
2,1,802,0.11,Residential,69000 CAD,114 Railway Ave North 
3,1,1116,,Single,69900 CAD,"30, 5853 4 Street 30"
2,2,1251315,,Single,199900 CAD,49 AV 4812
2,1,1148,.143,Single,159000 CAD,710 Main Street 
1,1,575982,,Single,134900 CAD,48 AV 4906
2,2,814,.321,Single,195000 CAD,1106 9 Avenue 
4,2,1531,,Single,165000 CAD,34 Keystone Place 
2,1,994,.143,Single,80000 CAD,307 7 Avenue W 
3,2,867148,.137,Single,164000 CAD,43 AV 5002
1,,569416,6.99,Single,85000 CAD,Sec Hwy 661 & Hwy 63 
4,2,1216,,Single,169900 CAD,"404, 1101 84 Street NE 404"
4,3,1139,0.16,Residential,149900 CAD,4824 51 Avenue 
2,2,954,,Single,99900 CAD,115  Coachman Village 
3,2,926,0.18,Residential,179000 CAD,434 3 Avenue 
2,1,829,.083,Single,79000 CAD,4628 52 Street 
2,1,960,0.14,Residential,119900 CAD,5014 54 Avenue 
3,2,1170,.157,Single,195000 CAD,10506 99 Ave 
3,3,2400,0.28,Residential,164900 CAD,213 Center Street 
4,2,88902,.136,Single,199900 CAD,5409 45 Street 
4,2,1494043,,Single,114000 CAD,1146 Aspen DR W 
1,1,554,.138,Single,55000 CAD,4816 54 Avenue 
2,1,1247978,3.02,Single,179900 CAD,42427 Twp Rd 634 
3,1,990,.129,Single,199900 CAD,911 Stewart Drive NW 
2,1,887922,,Single,99000 CAD,50 ST 5210
2,1,1064,0.14,Residential,170000 CAD,4812 46 Street 
2,1,1080,0.14,Residential,49000 CAD,213 1st Avenue E 
2,1,931,.138,Single,149900 CAD,4810 53 Avenue 
2,1,924,,Single,49900 CAD,"34, 5800 46 Street 34"
3,2,1520,,Other,149900 CAD,233133 Boundary Road 
4,2,1125,0.17,Residential,189900 CAD,5331 52 Avenue 
4,3,99458,0.13,Residential,199000 CAD,204 2nd Ave E 
4,2,1174,.154,Single,180500 CAD,10409 114 Street 
1,2,746,0.16,Residential,197000 CAD,5210 55 Street 
3,1,816,,Single,34900 CAD,"86, 55011 Township Road 714 86"
3,2,95326,0.14,Residential,199900 CAD,4808 48 Avenue 
2,2,992,,Single,94900 CAD,"11, 6724 17 Avenue SE 11"
1,1,430,g>20,Single,159900 CAD,11217 Township Road 542A
2,2,667,0.15,Residential,133900 CAD,5806 51 Avenue 
2,1,533,0.14,Single,154900 CAD,55 st 5014
3,2,1216,,Single,85000 CAD,"#122, 37543 England Way 122"
1,,1496196,,Single,38900 CAD,50 ST 5004
2,1,646,>0.5,Single,59000 CAD,"Lot 113, 67, 231054 Township Rd 623.8 6238"
4,2,980,0.16,Residential,184900 CAD,4748 49 Street 
2,2,1049,0.15,Residential,107000 CAD,5013 49A Street 
2,1,1030,,Other,39900 CAD,63 Westwood Court 
3,1,1188,0.14,Residential,159900 CAD,5134 52 Street 
3,2,1216,,Single,99000 CAD,"3, 51037 Township Road 714 3"
2,1,923551,,Single,95000 CAD,55 AV 4724
3,3,1256,.155,Single,88000 CAD,4928 58  Avenue 
4,1,111925,0.14,Single,164900 CAD,5018 47 Street 
2,1,710,.161,Single,80000 CAD,10812 107  Avenue 
3,2,1200,.264,Single,157000 CAD,103 4 Avenue W 
2,2,979524,>0.1,Single,174900 CAD,49 ST 5826
4,2,145841,.174,Single,147900 CAD,5005 47 Avenue 
3,1,1679184,ng>4,Single,179900 CAD,59429 RR 163 
2,1,1044,,Single,35000 CAD,#21 - 266 N 2 Street W 21266
3,2,1064,.151,Single,199900 CAD,"303, 2nd Second street Avenue NE "
3,2,1183932,,Single,64900 CAD,"86, 9501 104 Avenue AV 86"
2,1,655,.161,Single,50000 CAD,5519 44 Ave 
2,2,90536,.091,Single,189900 CAD,11547 94 ST NW 
3,2,1092,.193,Single,152000 CAD,10205 98 Avenue 
4,1,656,.233,Single,189900 CAD,525 65th Street 
3,1,960041,,Single,73900 CAD,1515 Jubilee Drive 
2,1,1089,0.11,Residential,126500 CAD,7905 20 Avenue 
2,1,1099,0.17,Residential,89000 CAD,5229 50 Street 
2,1,1426,.251,Single,124500 CAD,10208 100 Street 
3,2,1540005,,Single,154000 CAD,5903 Primrose RD 
3,1,959934,>0.5,Single,170000 CAD,"3510 Lac Ste, Anne TR 163"
3,2,1276,0.43,Residential,192500 CAD,5115 47 Street 
4,1,1695,.145,Single,89998 CAD,"Lot 15,16 2nd St. 15"
2,1,769,.143,Single,174900 CAD,59 4 Street SW 
1,1,674042,,Single,59900 CAD,49 AV 5018
4,2,1159929,,Single,199900 CAD,49 ST 5033
3,1,829043,.238,Single,169900 CAD,49 ST 4705
2,1,1085,.149,Single,176000 CAD,10918 97 Avenue 
4,2,10152,.134,Single,149000 CAD,104 St 9927
4,3,1014,>0.2,Residential,135500 CAD,4706 Alexander Avenue 
3,2,1250,.344,Single,173000 CAD,40  Benoit Street N 
2,2,74799,0.15,Residential,125000 CAD,4934 48 Street 
3,1,1023979,,Single,169900 CAD,5418 47 
3,2,1331614,,Single,119000 CAD,46 ST 4822
2,1,683,0.07,Residential,112500 CAD,460 2 Avenue W 
2,1,728,0.17,Residential,159900 CAD,423 12 Street E 
3,1,856,0.11,Residential,125000 CAD,478 1 Street SW 
2,1,1203953,,Single,69900 CAD,1165 Lakevista Drive 
4,2,2307,0.24,Residential,165000 CAD,5050 49 Street 
3,3,1528488,,Single,98000 CAD,5012 53STREET 
3,2,1252,,Single,80000 CAD,"129, 133 Jarvis Street "
3,2,1044,.172,Single,119500 CAD,215 1st Street SW 
3,1,896318,.138,Single,143900 CAD,47 AV 4728
2,2,1400,,Single,54999 CAD,"D4, 5500 Gregg Street "
1,1,625711,.157,Single,135000 CAD,4507 46B ST 
3,2,880,.189,Single,179900 CAD,1011 1 Avenue NE 
2,1,721188,,Single,89900 CAD,51 ST 4810
4,3,1186,.208,Single,194900 CAD,4516 46 Avenue 
1,1,690618,0.01,Single,72900 CAD,106 ST 9720
3,2,1216,,Single,87000 CAD,148 pickle Crossing 
3,1,1120,,Single,39900 CAD,86 Coachman Village 
2,1,622805,.062,Single,35900 CAD,4806 & 4802 49 AV 
1,1,779,.304,Single,139900 CAD,606 5 Avenue 
5,2,1150,0.22,Residential,179000 CAD,9702 100 Avenue 
3,1,1073,.172,Single,197500 CAD,922 4 Street SE 
2,1,80125,0.14,Residential,90000 CAD,5024 47 Avenue 
2,1,780,0.14,Residential,62000 CAD,5003 52 Street 
4,3,1115,.122,Single,45000 CAD,6843 Temple Drive NE 
5,3,1650,.463,Single,173500 CAD,11027 101 Street 
3,1,1139,0.17,Residential,179000 CAD,5011 56 Street 
3,2,1209551,,Single,66000 CAD,1408 West Strait PL NW 
3,1,936,,Single,63500 CAD,"103, 810 56 Street 103"
1,1,573,.083,Single,45000 CAD,4643 53 Street 
3,2,910,0.14,Single,159900 CAD,9919 98 Street 
3,2,1254,.241,Single,107500 CAD,4731 Ravine Drive 
3,2,1450,0.22,Residential,192500 CAD,4809 47 Street 
1,1,561,.075,Single,125000 CAD,740 12 Street N 
2,1,700,0.14,Residential,139000 CAD,4914 52 Avenue 
3,1,1117734,.095,Single,200000 CAD,11907 94 ST NW 
3,2,10115,.193,Single,179900 CAD,10413 105 Avenue 
2,1,972,.193,Single,175000 CAD,1013 3 Avenue 
2,1,841,,Other,14900 CAD,45 Parkside Drive 
3,2,1504915,,Single,119800 CAD,407 Oak Wood CR NW 
2,2,718,.161,Single,149900 CAD,1017 16 Avenue 
2,1,672427,,Single,70000 CAD,107 ST 9832
3,2,1472,0.31,Single,162000 CAD,5105 Valley Street 
3,3,1742,>0.2,Residential,100000 CAD,5005 Norfolk Avenue 
4,2,1502,,Residential,70000 CAD,5106 and 5110 50 Street 
3,1,589,,Residential,120000 CAD,5013 44 Avenue 
4,2,1519877,.009,Single,119900 CAD,47 ST 5040
2,1,93593,,Single,115000 CAD,47 ST 5215
3,2,1200,,Residential,72900 CAD,5114 50 Street 
,,,2.97,Residential,135000 CAD,420054 Range Road 283 Lot 11
3,4,912,>0.2,Residential,68000 CAD,4804 48 Avenue 
4,1,1397,.344,Single,65000 CAD,2108 12 STREET 
2,2,1259388,,Single,164900 CAD,51 ST 4903
2,1,861,0.14,Residential,104900 CAD,5009 52 Street 
5,2,1050,.115,Single,135500 CAD,4707 51 AVE 
4,3,1187054,.199,Single,199000 CAD,56 AV 5002
5,2,970,,Single,159900 CAD,307 5th Avenue SE 
3,2,100998,0.29,Residential,135500 CAD,4715 53 Street 
3,2,1175967,,Single,159000 CAD,5114 Windsor AV 
2,2,887,,Residential,65000 CAD,5016 49 Avenue 
3,1,1269,0.12,Residential,199900 CAD,5204 64 Avenue 
2,1,782,0.16,Residential,99900 CAD,1026 12 Avenue 
1,2,620,0.31,Residential,49500 CAD,5135 49 Street 
2,1,1110,0.14,Residential,84900 CAD,4904 49 Avenue 
4,2,1000,,Single,169000 CAD,209 1st Avenue SW 
3,2,1076,,Residential,120000 CAD,4814 49 Avenue 
3,1,974,0.16,Residential,100000 CAD,5003 47 Avenue 
2,1,934746,,Single,125000 CAD,66 2 AV E 
3,1,1072,,Single,89900 CAD,901 4 Avenue 
3,1,1547,0.18,Single,140000 CAD,213001 Twp Rd 12-4 
3,4,864,,Residential,130000 CAD,4802 49 Street 
,,,4.35,Residential,85000 CAD,83011 Township Road 122c Township 
1,1,500526,,Single,79900 CAD,50 ST 4908
4,3,1402,0.01,Residential,184900 CAD,Pt SE 14-48-9-W4 Other 
3,2,1559919,,Single,67900 CAD,9501 104 AV 90
3,1,1272,.151,Single,131900 CAD,4911 50 Street 
3,4,1231,0.61,Residential,200000 CAD,5016 53 Street 
2,1,682,0.07,Residential,128900 CAD,301 2 Street E 
4,3,1232478,,Single,120000 CAD,10 Hillside AV 
4,2,1078,.193,Single,192900 CAD,10334 HOPPE AVE 
3,2,1750011,,Single,195000 CAD,5018 Alexander AV 
4,2,1187,9.97,Single,183900 CAD,1 Range Road 240 Road 
,1,500,.138,Single,79900 CAD,50 AV 5020
3,2,1216009,,Single,105000 CAD,9501 104 AV 81
3,2,1076938,.295,Single,200000 CAD,"101, 56402 RGE RD 51A 101"
2,1,680,,Single,69500 CAD,316 6th Avenue SE 
3,1,1430,0.29,Residential,95000 CAD,306 1 Avenue E 
4,1,1366,.149,Single,159900 CAD,302 2 Street W 
,2,1264,.119,Single,25000 CAD,4902 50 Street 
5,2,1180,.161,Single,139900 CAD,426 Arena AV 
2,1,690,.088,Single,150000 CAD,10515 101 Street 
2,1,975972,,Single,75000 CAD,50 AV 5419
3,1,930,,Residential,117500 CAD,209 Center Street 
2,1,1351,,Single,199900 CAD,5220 52 STREET 
3,2,1364,0.29,Residential,165000 CAD,5012 48 Avenue 
3,2,1250023,.154,Single,185000 CAD,11011 - 103A ST 
2,2,1254,0.28,Residential,65000 CAD,5008 49 Street 
3,2,1220,,Residential,68900 CAD,9707 102nd Street 
2,1,782005,,Single,94000 CAD,50 ST 5106
5,2,1330,,Single,83000 CAD,504 8 AVE 
3,2,1144,,Residential,199000 CAD,4902 45 Street 
2,1,1338,0.13,Residential,85000 CAD,5113 Royal Avenue 
3,2,1508036,,Single,189000 CAD,4420 Caribou CR 
